variant,month,gross_return,net_return,turnover,transaction_cost
CURRENT4_RANK,2017-05,0.040647917568915615,0.04011387846959402,0.25658971219051413,0.0005131794243810283
CURRENT4_RANK,2017-06,-0.007798353454270823,-0.00831507740182913,0.26039260736807357,0.0005207852147361471
CURRENT4_RANK,2017-07,0.01660179982223875,0.01608340864411928,0.2549627485462862,0.0005099254970925724
CURRENT4_RANK,2017-08,0.010014756067127761,0.009998671423423033,0.007962578570035267,1.5925157140070535e-05
CURRENT4_RANK,2017-09,0.0005341602614605812,0.0005200698141660798,0.007041462377773658,1.4082924755547317e-05
CURRENT4_RANK,2017-10,0.03737941294408298,0.036858672713041996,0.25098831948240047,0.000501976638964801
CURRENT4_RANK,2017-11,0.017601410886882718,0.01658380947599536,0.49999999999999994,0.0009999999999999998
CURRENT4_RANK,2017-12,0.016397591288926483,0.01587559859632659,0.2567856796757989,0.0005135713593515978
CURRENT4_RANK,2018-01,0.028052753093381178,0.027524706748646377,0.2568187007654064,0.0005136374015308129
CURRENT4_RANK,2018-02,-0.04105956886948103,-0.04201850930061146,0.49999999999999994,0.0009999999999999998
CURRENT4_RANK,2018-03,0.0017116409680102418,0.0006961118873318739,0.5068969148133426,0.0010137938296266853
CURRENT4_RANK,2018-04,-0.005442166892284717,-0.005967689703558543,0.26419922189523176,0.0005283984437904635
CURRENT4_RANK,2018-05,0.006256589897372322,0.0057510560481244255,0.25119529865620094,0.0005023905973124019
CURRENT4_RANK,2018-06,-0.01222426509409491,-0.012736696224120214,0.2593863727955288,0.0005187727455910576
CURRENT4_RANK,2018-07,0.01909978695373926,0.019060276087680794,0.019385180217095496,3.8770360434190994e-05
CURRENT4_RANK,2018-08,0.036859255214150455,0.036335680943409665,0.252480878242613,0.000504961756485226
CURRENT4_RANK,2018-09,-0.003008600339233225,-0.0035081059303533335,0.2505064694088567,0.0005010129388177134
CURRENT4_RANK,2018-10,-0.10175514908924266,-0.10221823809279662,0.25777437136692793,0.0005155487427338559
CURRENT4_RANK,2018-11,0.018250294272405654,0.018228431093244124,0.010735660615450435,2.147132123090087e-05
CURRENT4_RANK,2018-12,-0.07768355582429332,-0.07769773855178752,0.0076886450323800926,1.5377290064760184e-05
CURRENT4_RANK,2019-01,0.07196067382841953,0.07086870039343385,0.5093346526818138,0.0010186693053636277
CURRENT4_RANK,2019-02,0.018325319730442713,0.01778000446297745,0.26775101085047437,0.0005355020217009487
CURRENT4_RANK,2019-03,0.004884163276560827,0.0038792791132846727,0.5,0.001
CURRENT4_RANK,2019-04,0.029941756486344673,0.029410902080469814,0.25771088633484374,0.0005154217726696875
CURRENT4_RANK,2019-05,-0.039354629976050215,-0.03936580343618068,0.005815600886059369,1.1631201772118739e-05
CURRENT4_RANK,2019-06,0.0705650512445426,0.06996874455146096,0.27850091518905323,0.0005570018303781064
CURRENT4_RANK,2019-07,0.0077054638815121645,0.007196987280793765,0.25229425608121037,0.0005045885121624207
CURRENT4_RANK,2019-08,-0.006164462043437902,-0.006661379812416102,0.25,0.0005
CURRENT4_RANK,2019-09,0.0011887817549860458,0.0006434401111736765,0.27234706068949355,0.0005446941213789871
CURRENT4_RANK,2019-10,0.02946794372050543,0.02944667030667225,0.010332237134350095,2.066447426870019e-05
CURRENT4_RANK,2019-11,0.02130541010884568,0.021290173595553075,0.00745933250780513,1.491866501561026e-05
CURRENT4_RANK,2019-12,0.032991262705948765,0.03297168356064595,0.00947691718679089,1.895383437358178e-05
CURRENT4_RANK,2020-01,0.023899753936521995,0.023379215054821767,0.25419426057039474,0.0005083885211407895
CURRENT4_RANK,2020-02,-0.026777313687614157,-0.026805480915849333,0.014471111612580814,2.894222322516163e-05
CURRENT4_RANK,2020-03,-0.05760302781251514,-0.05810133970175879,0.2643853407585998,0.0005287706815171997
CURRENT4_RANK,2020-04,0.13773506921821332,0.1364714712514734,0.5553129199085169,0.001110625839817034
CURRENT4_RANK,2020-05,0.036594940266827525,0.03604951486880226,0.2630851149461445,0.000526170229892289
CURRENT4_RANK,2020-06,0.03532081968464995,0.034803159274807705,0.25000000000000006,0.0005000000000000001
CURRENT4_RANK,2020-07,0.049519762622771024,0.04949988667207483,0.009469069284896534,1.8938138569793068e-05
CURRENT4_RANK,2020-08,0.059568991642851676,0.059544795957567453,0.011417701667068125,2.2835403334136252e-05
CURRENT4_RANK,2020-09,-0.029155543013957175,-0.030132689126599166,0.5032454507055455,0.001006490901411091
CURRENT4_RANK,2020-10,-0.021439115739126935,-0.021936080546148373,0.2539263601353902,0.0005078527202707805
CURRENT4_RANK,2020-11,0.09194543312566639,0.0913948873652819,0.25209398916971315,0.0005041879783394263
CURRENT4_RANK,2020-12,0.0577939324212664,0.057196894018251676,0.2822092208682043,0.0005644184417364086
CURRENT4_RANK,2021-01,0.019875414616504106,0.019330728338986525,0.2670356936303171,0.0005340713872606342
CURRENT4_RANK,2021-02,0.017548491884864736,0.01701954617417223,0.2599117953155656,0.0005198235906311311
CURRENT4_RANK,2021-03,0.03799386218399392,0.03746433148947892,0.2550740971635115,0.000510148194327023
CURRENT4_RANK,2021-04,0.042822743597964896,0.04227541438531479,0.2624267719560824,0.0005248535439121648
CURRENT4_RANK,2021-05,0.024383255208041188,0.02335887195283326,0.5,0.001
CURRENT4_RANK,2021-06,0.017572109261904112,0.0175432237480051,0.014193349855108867,2.8386699710217734e-05
CURRENT4_RANK,2021-07,0.025211490894189614,0.02469888514874241,0.25,0.0005
CURRENT4_RANK,2021-08,0.011923646780978236,0.011405815732727254,0.2558646840097112,0.0005117293680194224
CURRENT4_RANK,2021-09,-0.03783358742638754,-0.038326432278771416,0.25611206437003775,0.0005122241287400755
CURRENT4_RANK,2021-10,0.05856057321895447,0.05749036384866124,0.5055021872951679,0.001011004374590336
CURRENT4_RANK,2021-11,-0.029645780773984387,-0.029653010905642763,0.0037255115272310374,7.4510230544620746e-06
CURRENT4_RANK,2021-12,0.011515765248198306,0.010991098120774367,0.25934698471811723,0.0005186939694362345
CURRENT4_RANK,2022-01,-0.02975629361682075,-0.03076405602984511,0.5193346817889859,0.0010386693635779719
CURRENT4_RANK,2022-02,-0.013945129742258366,-0.015454671917623064,0.7654453220083943,0.0015308906440167887
CURRENT4_RANK,2022-03,0.0551654608654486,0.054596592350637074,0.26956365419010253,0.0005391273083802051
CURRENT4_RANK,2022-04,-0.03111636763161929,-0.03160406993042153,0.251682597635679,0.0005033651952713581
CURRENT4_RANK,2022-05,-0.006182989906794001,-0.007217083295333548,0.5202634781036506,0.0010405269562073012
CURRENT4_RANK,2022-06,-0.0785878138530186,-0.0790536497942953,0.2527836880608755,0.000505567376121751
CURRENT4_RANK,2022-07,0.09248379004439444,0.09139081740807642,0.5002237315910686,0.0010004474631821372
CURRENT4_RANK,2022-08,-0.05173655511910347,-0.052217616853431514,0.2536540541157986,0.0005073081082315972
CURRENT4_RANK,2022-09,-0.10506698764772993,-0.10551783684555582,0.2518899133248413,0.0005037798266496826
CURRENT4_RANK,2022-10,0.06697974888854685,0.06696062824676763,0.00896017089307978,1.792034178615956e-05
CURRENT4_RANK,2022-11,0.03213387560385805,0.031606705466170615,0.25537875955231265,0.0005107575191046253
CURRENT4_RANK,2022-12,-0.04862636013464039,-0.049577733774505583,0.5,0.001
CURRENT4_RANK,2023-01,0.10415798843393675,0.10303514465322539,0.5084615573465245,0.0010169231146930492
CURRENT4_RANK,2023-02,-0.03460956562003226,-0.035116233880503556,0.2624162423966255,0.0005248324847932509
CURRENT4_RANK,2023-03,0.01630621161806478,0.01628642009015513,0.009736990526697464,1.947398105339493e-05
CURRENT4_RANK,2023-04,0.0034307029089692964,0.002898318114628262,0.26528229243845824,0.0005305645848769165
CURRENT4_RANK,2023-05,0.019962436425896124,0.019447693309326608,0.2523343498676327,0.0005046686997352654
CURRENT4_RANK,2023-06,0.055607349440916165,0.05506927963254782,0.25486266681139363,0.0005097253336227873
CURRENT4_RANK,2023-07,0.049382967981254744,0.049366442842053715,0.007873740905516291,1.5747481811032583e-05
CURRENT4_RANK,2023-08,-0.03940908109655317,-0.03941704719104744,0.004146455237853522,8.292910475707044e-06
CURRENT4_RANK,2023-09,-0.053326252705592325,-0.0533444154083369,0.00959290505118375,1.9185810102367502e-05
CURRENT4_RANK,2023-10,-0.04483709180843487,-0.04485428574407602,0.009000525194928416,1.8001050389856834e-05
CURRENT4_RANK,2023-11,0.11823091791911278,0.11765331425350678,0.2582667212783992,0.0005165334425567985
CURRENT4_RANK,2023-12,0.060273229379068205,0.05919943678566564,0.5063754151524374,0.001012750830304875
CURRENT4_RANK,2024-01,-0.01634824201981544,-0.016841850885963794,0.2509063101570659,0.0005018126203141318
CURRENT4_RANK,2024-02,0.04655617995059558,0.045995158723789675,0.26803206438092986,0.0005360641287618597
CURRENT4_RANK,2024-03,0.04179052907921288,0.041254625001647005,0.25720337371446766,0.0005144067474289354
CURRENT4_RANK,2024-04,-0.059599343322041864,-0.060561225749896086,0.5114216057931993,0.0010228432115863986
CURRENT4_RANK,2024-05,0.03815975079912426,0.03764009245425859,0.2502786033007366,0.0005005572066014732
CURRENT4_RANK,2024-06,0.02358294757026358,0.023070553541808314,0.25029433602415807,0.0005005886720483161
CURRENT4_RANK,2024-07,0.038440950454170064,0.03840955519245015,0.015116536817558548,3.0233073635117098e-05
CURRENT4_RANK,2024-08,0.0012388413414152755,0.0007271068471028652,0.2555506604331517,0.0005111013208663035
CURRENT4_RANK,2024-09,0.01768569958313937,0.017155564082238284,0.26046130996960826,0.0005209226199392165
CURRENT4_RANK,2024-10,0.0030917634554419315,0.0025854151066584397,0.25239383236468577,0.0005047876647293715
CURRENT4_RANK,2024-11,0.0683650739024475,0.06782258937000862,0.2538853738717922,0.0005077707477435844
CURRENT4_RANK,2024-12,-0.03078613742906866,-0.031277263199404715,0.25336295182201474,0.0005067259036440295
CURRENT4_RANK,2025-01,0.03531938866347151,0.0352899336564243,0.014225082312565696,2.845016462513139e-05
CURRENT4_RANK,2025-02,-0.01847901810206176,-0.018494236358191363,0.007752384518471933,1.5504769036943867e-05
CURRENT4_RANK,2025-03,-0.026977177272762276,-0.027004814124827026,0.014201543591400675,2.8403087182801352e-05
CURRENT4_RANK,2025-04,-0.010671844647644035,-0.0112116014547049,0.2727895714585738,0.0005455791429171477
CURRENT4_RANK,2025-05,0.05555353439911204,0.05502054271666457,0.2524702277422711,0.0005049404554845423
CURRENT4_RANK,2025-06,0.043772877677492605,0.043760436334499,0.005959794155966702,1.1919588311933406e-05
CURRENT4_RANK,2025-07,0.014454338267436029,0.014430556993687338,0.011721214475287428,2.3442428950574855e-05
CURRENT4_RANK,2025-08,0.02013840844654413,0.019628339242320436,0.25,0.0005
CURRENT4_RANK,2025-09,0.08109269485698545,0.08054514694942294,0.2532381867749267,0.0005064763735498534
CURRENT4_RANK,2025-10,0.03569043013793416,0.03462981226105444,0.512034216989762,0.0010240684339795241
CURRENT4_RANK,2025-11,-0.0052066406646834595,-0.005218084645900345,0.005751938887226776,1.1503877774453552e-05
CURRENT4_RANK,2025-12,0.024791323921586006,0.02426739094176167,0.25562910594254873,0.0005112582118850975
CURRENT4_RANK,2026-01,0.06857920211980573,0.06745922144299366,0.5240513172023801,0.0010481026344047603
CURRENT4_RANK,2026-02,0.009865547881555026,0.008834554518560633,0.5104607069513851,0.0010209214139027703
CURRENT4_RANK,2026-03,-0.08710862995689594,-0.08804823536269679,0.5146315523589758,0.0010292631047179516
CURRENT4_RANK,2026-04,0.13873155292558992,0.13811622193197715,0.27018263963581285,0.0005403652792716257
CURRENT4_RANK,2026-05,0.08303361604606652,0.08241348173635266,0.2862950422434578,0.0005725900844869156
CURRENT4_RANK,2026-06,-0.031374736363549705,-0.031913977792727755,0.2783539978886269,0.0005567079957772539
CURRENT4_RANK,2026-07,-0.08087946315754768,-0.08138990427599524,0.277679095388884,0.0005553581907777681
CURRENT4_RANK,2026-08,0.009968545603482593,0.009968545603482593,0.0,0.0
REX3_RANK,2017-05,0.03859272019993276,0.038065281068883294,0.2539200982209602,0.0005078401964419204
REX3_RANK,2017-06,0.0013649644905129321,0.0008434684224514211,0.26039260736807357,0.0005207852147361471
REX3_RANK,2017-07,0.022943434661198747,0.022414142808837356,0.2587102250365657,0.0005174204500731314
REX3_RANK,2017-08,0.010014756067127761,0.009998671423423033,0.007962578570035267,1.5925157140070535e-05
REX3_RANK,2017-09,0.0005341602614605812,0.0005200698141660798,0.007041462377773658,1.4082924755547317e-05
REX3_RANK,2017-10,0.03737941294408298,0.036858672713041996,0.25098831948240047,0.000501976638964801
REX3_RANK,2017-11,0.017601410886882718,0.01658380947599536,0.49999999999999994,0.0009999999999999998
REX3_RANK,2017-12,0.014085391290254767,0.013564586077351004,0.25678567967579885,0.0005135713593515977
REX3_RANK,2018-01,0.047240299694328636,0.04670882491940964,0.25375015413094565,0.0005075003082618913
REX3_RANK,2018-02,-0.03903537089517384,-0.03952945463394408,0.25707696402414076,0.0005141539280482815
REX3_RANK,2018-03,-0.002596887120211666,-0.0026112548837118332,0.007202586053006402,1.4405172106012805e-05
REX3_RANK,2018-04,-0.003562554944042895,-0.004079639637309951,0.25946671104758645,0.0005189334220951729
REX3_RANK,2018-05,0.02242772243026825,0.02191270307315918,0.25186100973709097,0.000503722019474182
REX3_RANK,2018-06,-0.009522976249511927,-0.009550513635394053,0.013901072524606345,2.780214504921269e-05
REX3_RANK,2018-07,0.01909978695373926,0.019060276087680794,0.019385180217095496,3.8770360434190994e-05
REX3_RANK,2018-08,0.033373873854732894,0.03336364591079044,0.0049488109779117495,9.8976219558235e-06
REX3_RANK,2018-09,-0.0014610190254643607,-0.001475926743039313,0.00746476495094342,1.4929529901886841e-05
REX3_RANK,2018-10,-0.10287952552056834,-0.10289387118940696,0.007995397077158448,1.5990794154316897e-05
REX3_RANK,2018-11,0.018250294272405654,0.018228431093244124,0.010735660615450435,2.147132123090087e-05
REX3_RANK,2018-12,-0.07768355582429332,-0.07769773855178752,0.0076886450323800926,1.5377290064760184e-05
REX3_RANK,2019-01,0.06654828562569204,0.06599213104884649,0.26072639389184565,0.0005214527877836913
REX3_RANK,2019-02,0.01827749494641595,0.017259217451469633,0.5,0.001
REX3_RANK,2019-03,-0.0011760971759288141,-0.0016948677683921165,0.2596907177513281,0.0005193814355026563
REX3_RANK,2019-04,0.034643570329320195,0.03461711177568172,0.012786313276304362,2.5572626552608724e-05
REX3_RANK,2019-05,-0.08014159104477625,-0.08015615055676817,0.007913996246558544,1.582799249311709e-05
REX3_RANK,2019-06,0.07335012805213648,0.07333544107736523,0.006841651380883759,1.368330276176752e-05
REX3_RANK,2019-07,0.0077054638815121645,0.007196987280793765,0.25229425608121037,0.0005045885121624207
REX3_RANK,2019-08,-0.006164462043437902,-0.006661379812416102,0.25,0.0005
REX3_RANK,2019-09,0.0011887817549860458,0.0006434401111736765,0.27234706068949355,0.0005446941213789871
REX3_RANK,2019-10,0.02946794372050543,0.02944667030667225,0.010332237134350095,2.066447426870019e-05
REX3_RANK,2019-11,0.02937154728488922,0.02885483195317229,0.2509858238652374,0.0005019716477304748
REX3_RANK,2019-12,0.029779406121683616,0.029264516418622488,0.24999999999999994,0.0004999999999999999
REX3_RANK,2020-01,0.01787072675876833,0.01735559149865451,0.2530455226636246,0.0005060910453272493
REX3_RANK,2020-02,-0.05716814768119105,-0.05766643265149396,0.2642491177390537,0.0005284982354781074
REX3_RANK,2020-03,-0.04323163217780879,-0.04372749657015451,0.25913502631469976,0.0005182700526293996
REX3_RANK,2020-04,0.17167869740528707,0.17033481025017672,0.5734879186956059,0.0011469758373912119
REX3_RANK,2020-05,0.04706639041855243,0.046531460330413,0.2554422971810283,0.0005108845943620566
REX3_RANK,2020-06,0.03452107556109407,0.03399559580289102,0.2539724760644045,0.0005079449521288089
REX3_RANK,2020-07,0.04869000085813657,0.04815308465432677,0.25599376525525447,0.000511987530510509
REX3_RANK,2020-08,0.059568991642851676,0.059544795957567453,0.011417701667068125,2.2835403334136252e-05
REX3_RANK,2020-09,-0.029155543013957175,-0.030132689126599166,0.5032454507055455,0.001006490901411091
REX3_RANK,2020-10,-0.021439115739126935,-0.021936080546148373,0.2539263601353902,0.0005078527202707805
REX3_RANK,2020-11,0.09194543312566639,0.0913948873652819,0.25209398916971315,0.0005041879783394263
REX3_RANK,2020-12,0.05219445471115902,0.05166835748380416,0.25,0.0005
REX3_RANK,2021-01,0.0037885310279548445,0.0032817821399628855,0.25241815000274803,0.0005048363000054961
REX3_RANK,2021-02,0.014898082986697814,0.014382189142717605,0.25416041897643155,0.0005083208379528631
REX3_RANK,2021-03,0.02624325794620641,0.02571972180122506,0.2550740971635115,0.000510148194327023
REX3_RANK,2021-04,0.042440547540486984,0.04190543530091162,0.25666319332905996,0.00051332638665812
REX3_RANK,2021-05,0.018698500113462524,0.018189150863406,0.25,0.0005
REX3_RANK,2021-06,0.0035378847089491128,0.0025228435382911307,0.505731366061891,0.0010114627321237818
REX3_RANK,2021-07,0.00693995528047342,0.006436485302832917,0.25000000000000006,0.0005000000000000001
REX3_RANK,2021-08,0.015052020412110734,0.014520135444523685,0.2619988714329894,0.0005239977428659788
REX3_RANK,2021-09,-0.03809848348425193,-0.03857943424251031,0.2500000000000001,0.0005000000000000002
REX3_RANK,2021-10,0.04684258183708523,0.04630669435717372,0.2559541850937544,0.0005119083701875088
REX3_RANK,2021-11,-0.013062914326692043,-0.013556382869527761,0.25,0.0005
REX3_RANK,2021-12,0.04444972109184597,0.04442015805650246,0.014152445419958457,2.8304890839916915e-05
REX3_RANK,2022-01,-0.03757250926763789,-0.03854922759269919,0.5074243693504932,0.0010148487387009863
REX3_RANK,2022-02,-0.011957352564302526,-0.012977484144455542,0.5162386374719484,0.0010324772749438968
REX3_RANK,2022-03,0.060837679644538234,0.0607756279085081,0.029246574297405042,5.8493148594810085e-05
REX3_RANK,2022-04,-0.03310456038888232,-0.033594443512442784,0.2533278695356786,0.0005066557390713572
REX3_RANK,2022-05,-0.009876180426773962,-0.01043188439615439,0.2806234727390229,0.0005612469454780457
REX3_RANK,2022-06,-0.08303985002842074,-0.08351110016248597,0.2569632573889792,0.0005139265147779584
REX3_RANK,2022-07,0.09885020660260446,0.09829764161710153,0.25142871256840293,0.0005028574251368059
REX3_RANK,2022-08,-0.04914882953508437,-0.04964037802531751,0.2584781433211142,0.0005169562866422283
REX3_RANK,2022-09,-0.10506698764772993,-0.10551783684555582,0.2518899133248413,0.0005037798266496826
REX3_RANK,2022-10,0.07121485038577813,0.07066004642433965,0.25896017089307977,0.0005179203417861595
REX3_RANK,2022-11,0.05460552993495926,0.0540403471903772,0.2679593120551311,0.0005359186241102623
REX3_RANK,2022-12,-0.049868250742568176,-0.05035816323156528,0.25781292403922995,0.0005156258480784599
REX3_RANK,2023-01,0.10777666863529034,0.10665059660462606,0.5082576942390375,0.0010165153884780752
REX3_RANK,2023-02,-0.03460956562003226,-0.035116233880503556,0.2624162423966255,0.0005248324847932509
REX3_RANK,2023-03,0.01630621161806478,0.01628642009015513,0.009736990526697464,1.947398105339493e-05
REX3_RANK,2023-04,0.0034307029089692964,0.002898318114628262,0.26528229243845824,0.0005305645848769165
REX3_RANK,2023-05,-0.0021905218412431315,-0.0027027973871484035,0.25670008008465284,0.0005134001601693057
REX3_RANK,2023-06,0.05544817459674567,0.05491488087824603,0.2526385147731105,0.000505277029546221
REX3_RANK,2023-07,0.049382967981254744,0.049366442842053715,0.007873740905516291,1.5747481811032583e-05
REX3_RANK,2023-08,-0.03940908109655317,-0.03941704719104744,0.004146455237853522,8.292910475707044e-06
REX3_RANK,2023-09,-0.053326252705592325,-0.0533444154083369,0.00959290505118375,1.9185810102367502e-05
REX3_RANK,2023-10,-0.04483709180843487,-0.04485428574407602,0.009000525194928416,1.8001050389856834e-05
REX3_RANK,2023-11,0.11823091791911278,0.11765331425350678,0.2582667212783992,0.0005165334425567985
REX3_RANK,2023-12,0.060273229379068205,0.05919943678566564,0.5063754151524374,0.001012750830304875
REX3_RANK,2024-01,-0.01634824201981544,-0.016841850885963794,0.2509063101570659,0.0005018126203141318
REX3_RANK,2024-02,0.056427533123063256,0.055885834602747986,0.2563822426671273,0.0005127644853342545
REX3_RANK,2024-03,0.025201434382651433,0.024685514950559373,0.2516185672345088,0.0005032371344690176
REX3_RANK,2024-04,-0.055478855910057745,-0.05595425724913705,0.2516626239942221,0.0005033252479884442
REX3_RANK,2024-05,0.05209504798318321,0.051564609900379255,0.2520865789748186,0.0005041731579496372
REX3_RANK,2024-06,0.026812292816122074,0.026801390137747738,0.0053089929146191706,1.0617985829238341e-05
REX3_RANK,2024-07,0.035352378840405096,0.034815108657308746,0.25946247580862697,0.000518924951617254
REX3_RANK,2024-08,0.009427379884581644,0.009384192513579137,0.021392014850955834,4.278402970191167e-05
REX3_RANK,2024-09,0.015490668902083504,0.014971080147971216,0.2558313778866212,0.0005116627557732424
REX3_RANK,2024-10,-0.0018901863059471724,-0.0023899976811955215,0.2503789504876313,0.0005007579009752626
REX3_RANK,2024-11,0.0683650739024475,0.06782258937000862,0.2538853738717922,0.0005077707477435844
REX3_RANK,2024-12,-0.03078613742906866,-0.031277263199404715,0.25336295182201474,0.0005067259036440295
REX3_RANK,2025-01,0.03531938866347151,0.0352899336564243,0.014225082312565696,2.845016462513139e-05
REX3_RANK,2025-02,-0.01847901810206176,-0.018494236358191363,0.007752384518471933,1.5504769036943867e-05
REX3_RANK,2025-03,-0.026977177272762276,-0.027004814124827026,0.014201543591400675,2.8403087182801352e-05
REX3_RANK,2025-04,-0.011363535510680478,-0.011902914945633114,0.2727895714585738,0.0005455791429171477
REX3_RANK,2025-05,0.057728459073727256,0.05719365807243815,0.25280637799871714,0.0005056127559974343
REX3_RANK,2025-06,0.043772877677492605,0.043760436334499,0.005959794155966702,1.1919588311933406e-05
REX3_RANK,2025-07,0.014454338267436029,0.014430556993687338,0.011721214475287428,2.3442428950574855e-05
REX3_RANK,2025-08,0.02013840844654413,0.019628339242320436,0.25,0.0005
REX3_RANK,2025-09,0.07879295889014726,0.07878106029578436,0.0055147719795005795,1.102954395900116e-05
REX3_RANK,2025-10,0.034916489809962536,0.033853610942168766,0.5135094851897031,0.0010270189703794062
REX3_RANK,2025-11,-0.0052066406646834595,-0.005218084645900345,0.005751938887226776,1.1503877774453552e-05
REX3_RANK,2025-12,0.024791323921586006,0.02426739094176167,0.25562910594254873,0.0005112582118850975
REX3_RANK,2026-01,0.06857920211980573,0.06745922144299366,0.5240513172023801,0.0010481026344047603
REX3_RANK,2026-02,-0.003132118511411708,-0.0036514083377110484,0.2604607069513851,0.0005209214139027703
REX3_RANK,2026-03,-0.08267426241039744,-0.08315251925530498,0.2606799445987007,0.0005213598891974014
REX3_RANK,2026-04,0.13441465880104309,0.13380166050713016,0.27018263963581285,0.0005403652792716257
REX3_RANK,2026-05,0.08252463168064561,0.08190676786928974,0.28538094805101494,0.0005707618961020299
REX3_RANK,2026-06,-0.031374736363549705,-0.031913977792727755,0.2783539978886269,0.0005567079957772539
REX3_RANK,2026-07,-0.07168053779105521,-0.07173192787694671,0.02767909538888401,5.535819077776802e-05
REX3_RANK,2026-08,0.012713948573702893,0.012713948573702893,0.0,0.0
CHRONOS_STANDALONE,2017-05,0.03456676256955782,0.03455615923358013,0.005124529591135421,1.0249059182270842e-05
CHRONOS_STANDALONE,2017-06,0.0049704228246461035,0.004946708760918295,0.011798388882229005,2.359677776445801e-05
CHRONOS_STANDALONE,2017-07,0.03400709831535553,0.033988740945532614,0.008876810349311079,1.7753620698622157e-05
CHRONOS_STANDALONE,2017-08,0.0035362994909662326,0.0035190791292558643,0.008579839971488382,1.7159679942976762e-05
CHRONOS_STANDALONE,2017-09,0.0170363650973131,0.017016975556888303,0.00953237322200877,1.906474644401754e-05
CHRONOS_STANDALONE,2017-10,0.04240882357305997,0.0423819038098161,0.012912286731761133,2.5824573463522266e-05
CHRONOS_STANDALONE,2017-11,0.013055883418692904,0.013026830026075409,0.014339481707189891,2.8678963414379783e-05
CHRONOS_STANDALONE,2017-12,0.01657389915637064,0.016554269562754742,0.009654779466725563,1.9309558933451125e-05
CHRONOS_STANDALONE,2018-01,0.06676078084564274,0.06622362502380441,0.25176957734234806,0.0005035391546846962
CHRONOS_STANDALONE,2018-02,-0.04670158117101608,-0.047190017096402026,0.2561820704509419,0.0005123641409018838
CHRONOS_STANDALONE,2018-03,0.00830854536619996,0.008292598324086242,0.007907818587592527,1.5815637175185054e-05
CHRONOS_STANDALONE,2018-04,0.003389230790288522,0.003362651504710268,0.013244753263445389,2.6489506526890778e-05
CHRONOS_STANDALONE,2018-05,0.00021952575621231318,-0.0003027464890927867,0.2610788091294373,0.0005221576182588746
CHRONOS_STANDALONE,2018-06,-0.004825864004983416,-0.005832546842589492,0.5057822551828177,0.0010115645103656356
CHRONOS_STANDALONE,2018-07,0.011251323993559215,0.010740331325967745,0.25265364576923266,0.0005053072915384653
CHRONOS_STANDALONE,2018-08,0.03508690652167479,0.0350697383600993,0.008293101510185932,1.6586203020371866e-05
CHRONOS_STANDALONE,2018-09,0.0034697090088662286,0.003459980727623879,0.004847321825056927,9.694643650113855e-06
CHRONOS_STANDALONE,2018-10,-0.0913190019646376,-0.09177653528483365,0.2517568438126396,0.0005035136876252791
CHRONOS_STANDALONE,2018-11,-0.0053731540627821595,-0.005870467485750708,0.25000000000000006,0.0005000000000000001
CHRONOS_STANDALONE,2018-12,-0.07386434043095158,-0.07389721776760316,0.017749741256354368,3.549948251270874e-05
CHRONOS_STANDALONE,2019-01,0.06527317338122729,0.06419780395854424,0.5047388076379393,0.0010094776152758786
CHRONOS_STANDALONE,2019-02,0.030569713695261846,0.030054428838415026,0.24999999999999997,0.0004999999999999999
CHRONOS_STANDALONE,2019-03,0.019805383820592493,0.019791898861667212,0.006611535465329152,1.3223070930658305e-05
CHRONOS_STANDALONE,2019-04,0.03189061088523215,0.031868876182118866,0.010531495724542275,2.106299144908455e-05
CHRONOS_STANDALONE,2019-05,-0.055906581103682074,-0.05591722023659329,0.0056345763556752415,1.1269152711350482e-05
CHRONOS_STANDALONE,2019-06,0.026216082688683695,0.025165943744299923,0.5116558598616964,0.0010233117197233927
CHRONOS_STANDALONE,2019-07,0.01217152272076416,0.011639007534208767,0.2630558035874998,0.0005261116071749996
CHRONOS_STANDALONE,2019-08,-0.003492831778603045,-0.004001054055860598,0.25500181707898906,0.0005100036341579782
CHRONOS_STANDALONE,2019-09,0.0015756123614212303,0.0010657385253205476,0.2545358681902344,0.0005090717363804688
CHRONOS_STANDALONE,2019-10,0.016505626980300336,0.016493032411987185,0.0061950312810845065,1.2390062562169014e-05
CHRONOS_STANDALONE,2019-11,0.021046433645249385,0.020532585120576874,0.2516283822852075,0.000503256764570415
CHRONOS_STANDALONE,2019-12,0.011823758594094569,0.011300834398526582,0.2584067586503895,0.000516813517300779
CHRONOS_STANDALONE,2020-01,-0.006670810425306262,-0.00717632566788684,0.2544550426416835,0.0005089100852833671
CHRONOS_STANDALONE,2020-02,-0.03286071023430748,-0.03334427987918964,0.25,0.0005
CHRONOS_STANDALONE,2020-03,-0.024514825143396535,-0.0250269298755591,0.2624871937381569,0.0005249743874763137
CHRONOS_STANDALONE,2020-04,0.09549500412699508,0.09536498997709653,0.059340366413632745,0.00011868073282726549
CHRONOS_STANDALONE,2020-05,0.07178075044003562,0.0707089696895955,0.5,0.001
CHRONOS_STANDALONE,2020-06,0.03434065952027865,0.03380858765827277,0.2572033967284897,0.0005144067934569794
CHRONOS_STANDALONE,2020-07,0.06945975761281997,0.06943995068136632,0.009260250940724774,1.852050188144955e-05
CHRONOS_STANDALONE,2020-08,0.04912438604190661,0.048598257983307525,0.2507462726053776,0.0005014925452107552
CHRONOS_STANDALONE,2020-09,-0.025083693074492763,-0.025115852203805633,0.016493276953222794,3.2986553906445585e-05
CHRONOS_STANDALONE,2020-10,-0.016842265269716328,-0.016871107866558432,0.014668346605933122,2.9336693211866244e-05
CHRONOS_STANDALONE,2020-11,0.06553166410442457,0.06498277522238549,0.25756573010881134,0.0005151314602176227
CHRONOS_STANDALONE,2020-12,0.07310040652669758,0.0725638563234341,0.25,0.0005
CHRONOS_STANDALONE,2021-01,0.021875567313831334,0.021324391868401182,0.26968814161932375,0.0005393762832386475
CHRONOS_STANDALONE,2021-02,0.021875534333900104,0.021855449585411524,0.009827394733252934,1.965478946650587e-05
CHRONOS_STANDALONE,2021-03,0.019161620255458978,0.018622169854851434,0.26465400084066115,0.0005293080016813223
CHRONOS_STANDALONE,2021-04,0.03640192775174245,0.0358767234190529,0.2533786934522254,0.0005067573869044508
CHRONOS_STANDALONE,2021-05,0.00901485740382224,0.008492306993855614,0.2589408897858603,0.0005178817795717205
CHRONOS_STANDALONE,2021-06,0.03248229393140423,0.032461985698956974,0.009834663784164518,1.9669327568329037e-05
CHRONOS_STANDALONE,2021-07,-0.010546325074782148,-0.010567137565503981,0.010517162778319822,2.1034325556639646e-05
CHRONOS_STANDALONE,2021-08,0.019784089994893117,0.019256932057046372,0.2584654649052176,0.0005169309298104352
CHRONOS_STANDALONE,2021-09,-0.027497226711615697,-0.028486506398587408,0.5086256379643664,0.0010172512759287328
CHRONOS_STANDALONE,2021-10,0.06714351708124577,0.06657092071425974,0.2682846111233007,0.0005365692222466014
CHRONOS_STANDALONE,2021-11,-0.02412569260817432,-0.02413190669998444,0.003183858701203926,6.367717402407852e-06
CHRONOS_STANDALONE,2021-12,0.055268553530864795,0.055234778285628616,0.01600315157873125,3.2006303157462504e-05
CHRONOS_STANDALONE,2022-01,-0.03657369807089783,-0.036592541124533695,0.009779187882802423,1.955837576560485e-05
CHRONOS_STANDALONE,2022-02,-0.011079425632018691,-0.011138323724126153,0.02977898004852078,5.955796009704156e-05
CHRONOS_STANDALONE,2022-03,0.04372778845725267,0.043173028950778125,0.2657587124770524,0.0005315174249541048
CHRONOS_STANDALONE,2022-04,-0.022936715739143687,-0.022964356457446877,0.014144794277339931,2.8289588554679862e-05
CHRONOS_STANDALONE,2022-05,-0.007740026763959018,-0.00779127059441842,0.025821776470815308,5.164355294163062e-05
CHRONOS_STANDALONE,2022-06,-0.061920102838867175,-0.061938641508869074,0.00988117859574314,1.976235719148628e-05
CHRONOS_STANDALONE,2022-07,0.030006708581240327,0.028964859397538012,0.5057487368878779,0.001011497473775756
CHRONOS_STANDALONE,2022-08,-0.03604853473957681,-0.037042733265970296,0.515689099618947,0.001031378199237894
CHRONOS_STANDALONE,2022-09,-0.07178062007050223,-0.07225067809783348,0.25320416568294213,0.0005064083313658842
CHRONOS_STANDALONE,2022-10,0.053346722025865656,0.05278388551603874,0.26716583346110434,0.0005343316669222087
CHRONOS_STANDALONE,2022-11,0.04705130348898545,0.0470336213764726,0.008443766057230337,1.6887532114460675e-05
CHRONOS_STANDALONE,2022-12,-0.03444142618776069,-0.03543043818276648,0.5121450017791604,0.001024290003558321
CHRONOS_STANDALONE,2023-01,0.037906678884188194,0.037372236300361905,0.25746177122659464,0.0005149235424531893
CHRONOS_STANDALONE,2023-02,-0.03801574407902275,-0.038993054640842795,0.5079659858282968,0.0010159319716565936
CHRONOS_STANDALONE,2023-03,0.01532905016163233,0.015314961161925655,0.0069381446852914835,1.3876289370582967e-05
CHRONOS_STANDALONE,2023-04,0.018708523977936764,0.017689815453958424,0.5,0.001
CHRONOS_STANDALONE,2023-05,0.007538268542117699,0.007033426811368981,0.25053228572603775,0.0005010645714520755
CHRONOS_STANDALONE,2023-06,0.03372379049065888,0.03266694124939762,0.5111855076683253,0.0010223710153366506
CHRONOS_STANDALONE,2023-07,0.04466419601994476,0.04361953182392497,0.5,0.001
CHRONOS_STANDALONE,2023-08,-0.04235816616160948,-0.042839002478714416,0.2510522724230055,0.0005021045448460109
CHRONOS_STANDALONE,2023-09,-0.04537742914731868,-0.04585669254299274,0.2510224513368977,0.0005020449026737954
CHRONOS_STANDALONE,2023-10,-0.027477375763447887,-0.02844989838768386,0.5,0.001
CHRONOS_STANDALONE,2023-11,0.06102145598243314,0.06048751485297865,0.2516165561231316,0.0005032331122462632
CHRONOS_STANDALONE,2023-12,0.03658369085125979,0.03550532606587309,0.5201532664000134,0.0010403065328000267
CHRONOS_STANDALONE,2024-01,0.0022401505556346457,0.0012379104050788126,0.49999999999999994,0.0009999999999999998
CHRONOS_STANDALONE,2024-02,0.03622793484656306,0.03570822615708491,0.25076948420365996,0.00050153896840732
CHRONOS_STANDALONE,2024-03,0.031056684557180914,0.03103846799999399,0.00883392613583689,1.766785227167378e-05
CHRONOS_STANDALONE,2024-04,-0.041277658493536706,-0.0417678940145112,0.2556712719367427,0.0005113425438734854
CHRONOS_STANDALONE,2024-05,0.02587060167861388,0.0253487670949315,0.2543374295104301,0.0005086748590208602
CHRONOS_STANDALONE,2024-06,0.02918012407751913,0.02815094395344131,0.49999999999999994,0.0009999999999999998
CHRONOS_STANDALONE,2024-07,0.02139409846098106,0.020860355962477817,0.261281369898033,0.0005225627397960661
CHRONOS_STANDALONE,2024-08,0.017578398912889037,0.017045475813403543,0.2618584966303351,0.0005237169932606702
CHRONOS_STANDALONE,2024-09,0.025000131028614758,0.024477635056090463,0.2548760515769633,0.0005097521031539266
CHRONOS_STANDALONE,2024-10,-0.0066772083063029175,-0.007175491824486291,0.25081651319688475,0.0005016330263937695
CHRONOS_STANDALONE,2024-11,0.031129848766263235,0.03110938458376955,0.009923184028880358,1.9846368057760718e-05
CHRONOS_STANDALONE,2024-12,-0.029408609588918888,-0.029439302761568475,0.01581158299613293,3.1623165992265864e-05
CHRONOS_STANDALONE,2025-01,0.0332871644863737,0.03325889050396058,0.013681570518332464,2.736314103666493e-05
CHRONOS_STANDALONE,2025-02,0.003861238776251108,0.0038470909508723228,0.007046703683788291,1.4093407367576584e-05
CHRONOS_STANDALONE,2025-03,-0.01613877020688681,-0.016171746318993763,0.016758517923324542,3.3517035846649086e-05
CHRONOS_STANDALONE,2025-04,0.00866680808637943,0.00862253628156573,0.021945703208977096,4.389140641795419e-05
CHRONOS_STANDALONE,2025-05,0.05160833485789307,0.05107663983311084,0.2528008799273671,0.0005056017598547342
CHRONOS_STANDALONE,2025-06,0.033981491268921804,0.03345487475439013,0.25465471044618126,0.0005093094208923625
CHRONOS_STANDALONE,2025-07,0.010443898882196434,0.010421146163960948,0.011258773624225366,2.2517547248450733e-05
CHRONOS_STANDALONE,2025-08,0.03105788002675247,0.03054235108673864,0.24999999999999997,0.0004999999999999999
CHRONOS_STANDALONE,2025-09,0.05656127573993275,0.05655107949742799,0.004825201689248798,9.650403378497596e-06
CHRONOS_STANDALONE,2025-10,0.07518649694365331,0.0746413301857225,0.25352195153127594,0.0005070439030625519
CHRONOS_STANDALONE,2025-11,-0.004079127721697606,-0.004146434237200514,0.03379109594759799,6.758219189519599e-05
CHRONOS_STANDALONE,2025-12,0.027571039534084685,0.027524795063626817,0.022501836212860615,4.5003672425721233e-05
CHRONOS_STANDALONE,2026-01,0.10164981944239249,0.10159230065517044,0.026105748944867835,5.221149788973567e-05
CHRONOS_STANDALONE,2026-02,0.09046930441241718,0.08989682951238787,0.262490148834406,0.0005249802976688121
CHRONOS_STANDALONE,2026-03,-0.11049148722541235,-0.11056438503973232,0.040976456814722756,8.195291362944551e-05
CHRONOS_STANDALONE,2026-04,0.13457022483842618,0.1339581799266636,0.2697254424469434,0.0005394508848938868
CHRONOS_STANDALONE,2026-05,0.07937050007858804,0.07927495410044161,0.04426004700864908,8.852009401729816e-05
CHRONOS_STANDALONE,2026-06,-0.01734431612400822,-0.017891368400317798,0.2783539978886269,0.0005567079957772539
CHRONOS_STANDALONE,2026-07,-0.08120288488915017,-0.08172523765637008,0.2842590375116522,0.0005685180750233045
CHRONOS_STANDALONE,2026-08,0.009968545603482593,0.009968545603482593,0.0,0.0
CURRENT4_CHRONOS20,2017-05,0.040647917568915615,0.04011387846959402,0.25658971219051413,0.0005131794243810283
CURRENT4_CHRONOS20,2017-06,0.0013649644905129321,0.0008434684224514211,0.26039260736807357,0.0005207852147361471
CURRENT4_CHRONOS20,2017-07,0.022943434661198747,0.022414142808837356,0.2587102250365657,0.0005174204500731314
CURRENT4_CHRONOS20,2017-08,0.010014756067127761,0.009998671423423033,0.007962578570035267,1.5925157140070535e-05
CURRENT4_CHRONOS20,2017-09,0.0005341602614605812,0.0005200698141660798,0.007041462377773658,1.4082924755547317e-05
CURRENT4_CHRONOS20,2017-10,0.03737941294408298,0.036858672713041996,0.25098831948240047,0.000501976638964801
CURRENT4_CHRONOS20,2017-11,0.014584078494797925,0.013569494416302286,0.49999999999999994,0.0009999999999999998
CURRENT4_CHRONOS20,2017-12,0.017683241361894364,0.01715474872668854,0.25965477946672555,0.0005193095589334511
CURRENT4_CHRONOS20,2018-01,0.045153375830933706,0.04410651572481172,0.5008164975260201,0.0010016329950520402
CURRENT4_CHRONOS20,2018-02,-0.041074310094159516,-0.041561092764552776,0.2538166802272552,0.0005076333604545104
CURRENT4_CHRONOS20,2018-03,0.0017116409680102418,0.0006961118873318739,0.5068969148133426,0.0010137938296266853
CURRENT4_CHRONOS20,2018-04,-0.005442166892284717,-0.005967689703558543,0.26419922189523176,0.0005283984437904635
CURRENT4_CHRONOS20,2018-05,0.02161919000205459,0.02110593812696404,0.25119529865620094,0.0005023905973124019
CURRENT4_CHRONOS20,2018-06,-0.012665675239677765,-0.013186792414167536,0.2639010725246064,0.0005278021450492127
CURRENT4_CHRONOS20,2018-07,0.011888261796432209,0.01134790870286384,0.2670023529121879,0.0005340047058243758
CURRENT4_CHRONOS20,2018-08,0.036859255214150455,0.036335680943409665,0.252480878242613,0.000504961756485226
CURRENT4_CHRONOS20,2018-09,-0.003008600339233225,-0.0035081059303533335,0.2505064694088567,0.0005010129388177134
CURRENT4_CHRONOS20,2018-10,-0.10175514908924266,-0.10221823809279662,0.25777437136692793,0.0005155487427338559
CURRENT4_CHRONOS20,2018-11,0.024137683891814365,0.023625615049867932,0.25,0.0005
CURRENT4_CHRONOS20,2018-12,-0.08286888559360195,-0.08334166907414897,0.2577513035597745,0.000515502607119549
CURRENT4_CHRONOS20,2019-01,0.06654828562569204,0.06599213104884649,0.26072639389184565,0.0005214527877836913
CURRENT4_CHRONOS20,2019-02,0.030408106253355438,0.02989290220022922,0.25,0.0005
CURRENT4_CHRONOS20,2019-03,0.02487136216132635,0.024358926480245957,0.25,0.0005
CURRENT4_CHRONOS20,2019-04,0.027007317509729845,0.026984325854172653,0.011193520807743426,2.238704161548685e-05
CURRENT4_CHRONOS20,2019-05,-0.039354629976050215,-0.03936580343618068,0.005815600886059369,1.1631201772118739e-05
CURRENT4_CHRONOS20,2019-06,0.05952395936997945,0.05893380258528058,0.27850091518905323,0.0005570018303781064
CURRENT4_CHRONOS20,2019-07,0.008613418870385248,0.008109112160950893,0.25000000000000006,0.0005000000000000001
CURRENT4_CHRONOS20,2019-08,-0.018836932933520623,-0.019327514467053386,0.25,0.0005
CURRENT4_CHRONOS20,2019-09,0.017397402919678617,0.017367804114666985,0.014546334071347741,2.9092668142695483e-05
CURRENT4_CHRONOS20,2019-10,0.025851086493162034,0.0253381609499157,0.25,0.0005
CURRENT4_CHRONOS20,2019-11,0.02130541010884568,0.021290173595553075,0.00745933250780513,1.491866501561026e-05
CURRENT4_CHRONOS20,2019-12,0.032991262705948765,0.03297168356064595,0.00947691718679089,1.895383437358178e-05
CURRENT4_CHRONOS20,2020-01,0.010934139918637342,0.010925659676233268,0.004194260570394737,8.388521140789473e-06
CURRENT4_CHRONOS20,2020-02,-0.01680072296947377,-0.01729786030943259,0.2528161643183586,0.0005056323286367172
CURRENT4_CHRONOS20,2020-03,-0.05324075235981962,-0.05372586898142795,0.25619851235539415,0.0005123970247107883
CURRENT4_CHRONOS20,2020-04,0.142463619916821,0.14172447355963547,0.32348791869560595,0.0006469758373912119
CURRENT4_CHRONOS20,2020-05,0.05714537485604687,0.056613462132005354,0.25157974328430655,0.0005031594865686131
CURRENT4_CHRONOS20,2020-06,0.03480020605945788,0.03478529790661988,0.007203396728489686,1.4406793456979372e-05
CURRENT4_CHRONOS20,2020-07,0.049519762622771024,0.04949988667207483,0.009469069284896534,1.8938138569793068e-05
CURRENT4_CHRONOS20,2020-08,0.059568991642851676,0.059544795957567453,0.011417701667068125,2.2835403334136252e-05
CURRENT4_CHRONOS20,2020-09,-0.042307798271592034,-0.0427928606581196,0.25324545070554555,0.0005064909014110911
CURRENT4_CHRONOS20,2020-10,-0.021579932461092022,-0.02207855203813236,0.25480853959550376,0.0005096170791910076
CURRENT4_CHRONOS20,2020-11,0.08595659887389928,0.08540289305960269,0.2549392005494143,0.0005098784010988287
CURRENT4_CHRONOS20,2020-12,0.05176748801860698,0.05124160427459756,0.2500000000000001,0.0005000000000000002
CURRENT4_CHRONOS20,2021-01,0.01044101494594707,0.01041862298574725,0.01108029062018008,2.216058124036016e-05
CURRENT4_CHRONOS20,2021-02,0.017548491884864736,0.01701954617417223,0.2599117953155656,0.0005198235906311311
CURRENT4_CHRONOS20,2021-03,0.02624325794620641,0.02571972180122506,0.2550740971635115,0.000510148194327023
CURRENT4_CHRONOS20,2021-04,0.042440547540486984,0.04190543530091162,0.25666319332905996,0.00051332638665812
CURRENT4_CHRONOS20,2021-05,0.00968316672287961,0.008673483556157047,0.5,0.001
CURRENT4_CHRONOS20,2021-06,0.0087887429772453,0.0077702030392714505,0.5048331204451311,0.0010096662408902622
CURRENT4_CHRONOS20,2021-07,0.00693995528047342,0.006436485302832917,0.25000000000000006,0.0005000000000000001
CURRENT4_CHRONOS20,2021-08,0.019355108763625672,0.019330628634451452,0.012007655116338209,2.4015310232676418e-05
CURRENT4_CHRONOS20,2021-09,-0.041816550716748724,-0.04229564244139006,0.24999999999999994,0.0004999999999999999
CURRENT4_CHRONOS20,2021-10,0.061101710631943584,0.06055852378465154,0.2559541850937544,0.0005119083701875088
CURRENT4_CHRONOS20,2021-11,-0.029645780773984387,-0.029653010905642763,0.0037255115272310374,7.4510230544620746e-06
CURRENT4_CHRONOS20,2021-12,0.046387621618096064,0.04584486666907006,0.25934698471811723,0.0005186939694362345
CURRENT4_CHRONOS20,2022-01,-0.042290976803636804,-0.04326144638357732,0.5066620217807809,0.0010133240435615618
CURRENT4_CHRONOS20,2022-02,-0.014443031387840977,-0.01546818898072555,0.5200904795628394,0.0010401809591256788
CURRENT4_CHRONOS20,2022-03,0.060837679644538234,0.0607756279085081,0.029246574297405042,5.8493148594810085e-05
CURRENT4_CHRONOS20,2022-04,-0.03310456038888232,-0.033594443512442784,0.2533278695356786,0.0005066557390713572
CURRENT4_CHRONOS20,2022-05,-0.007650643004851743,-0.00818703458228276,0.2702634781036506,0.0005405269562073012
CURRENT4_CHRONOS20,2022-06,-0.07678989375456746,-0.07726968765521869,0.2598508711099085,0.000519701742219817
CURRENT4_CHRONOS20,2022-07,0.07081892863493633,0.07027798968348042,0.25258189643036677,0.0005051637928607335
CURRENT4_CHRONOS20,2022-08,-0.03551259694602005,-0.03599488503512893,0.25002301096994484,0.0005000460219398897
CURRENT4_CHRONOS20,2022-09,-0.10828141942936431,-0.10873889084676269,0.2565110940637746,0.0005130221881275492
CURRENT4_CHRONOS20,2022-10,0.06697974888854685,0.06696062824676763,0.00896017089307978,1.792034178615956e-05
CURRENT4_CHRONOS20,2022-11,0.04351873380707105,0.042969115065920827,0.2633487657406254,0.0005266975314812507
CURRENT4_CHRONOS20,2022-12,-0.05052331913404118,-0.05147279581490671,0.5,0.001
CURRENT4_CHRONOS20,2023-01,0.09940831942589767,0.09884045811069297,0.2582576942390376,0.0005165153884780752
CURRENT4_CHRONOS20,2023-02,-0.03752717754117518,-0.03755463506008494,0.014264048952613878,2.8528097905227757e-05
CURRENT4_CHRONOS20,2023-03,0.01630621161806478,0.01628642009015513,0.009736990526697464,1.947398105339493e-05
CURRENT4_CHRONOS20,2023-04,0.007246925038491447,0.00671251549183971,0.26528229243845824,0.0005305645848769165
CURRENT4_CHRONOS20,2023-05,0.021381279090244343,0.020870588450699445,0.25,0.0005
CURRENT4_CHRONOS20,2023-06,0.055607349440916165,0.05506927963254782,0.25486266681139363,0.0005097253336227873
CURRENT4_CHRONOS20,2023-07,0.049382967981254744,0.049366442842053715,0.007873740905516291,1.5747481811032583e-05
CURRENT4_CHRONOS20,2023-08,-0.03940908109655317,-0.03941704719104744,0.004146455237853522,8.292910475707044e-06
CURRENT4_CHRONOS20,2023-09,-0.053326252705592325,-0.0533444154083369,0.00959290505118375,1.9185810102367502e-05
CURRENT4_CHRONOS20,2023-10,-0.04483709180843487,-0.04485428574407602,0.009000525194928416,1.8001050389856834e-05
CURRENT4_CHRONOS20,2023-11,0.10487311117306675,0.1037557462070624,0.5056530721513877,0.0010113061443027753
CURRENT4_CHRONOS20,2023-12,0.06037264423322841,0.05930575920701986,0.5030707987471602,0.0010061415974943204
CURRENT4_CHRONOS20,2024-01,-0.01634824201981544,-0.016841850885963794,0.2509063101570659,0.0005018126203141318
CURRENT4_CHRONOS20,2024-02,0.056427533123063256,0.055885834602747986,0.2563822426671273,0.0005127644853342545
CURRENT4_CHRONOS20,2024-03,0.0361856897993269,0.03514908619153778,0.5002016617262401,0.0010004033234524803
CURRENT4_CHRONOS20,2024-04,-0.05247349113942412,-0.05343350433748517,0.5065890975521208,0.0010131781951042416
CURRENT4_CHRONOS20,2024-05,0.03721741441397919,0.03721226197657934,0.002483778872560627,4.967557745121254e-06
CURRENT4_CHRONOS20,2024-06,0.02358294757026358,0.023070553541808314,0.25029433602415807,0.0005005886720483161
CURRENT4_CHRONOS20,2024-07,0.038440950454170064,0.03840955519245015,0.015116536817558548,3.0233073635117098e-05
CURRENT4_CHRONOS20,2024-08,0.009427379884581644,0.009384192513579137,0.021392014850955834,4.278402970191167e-05
CURRENT4_CHRONOS20,2024-09,0.026270866815077953,0.026258897668601122,0.005831377886621178,1.1662755773242356e-05
CURRENT4_CHRONOS20,2024-10,0.002716613165726578,0.002704044367185965,0.006267373241772511,1.2534746483545022e-05
CURRENT4_CHRONOS20,2024-11,0.0683650739024475,0.06782258937000862,0.2538853738717922,0.0005077707477435844
CURRENT4_CHRONOS20,2024-12,-0.03078613742906866,-0.031277263199404715,0.25336295182201474,0.0005067259036440295
CURRENT4_CHRONOS20,2025-01,0.03531938866347151,0.0352899336564243,0.014225082312565696,2.845016462513139e-05
CURRENT4_CHRONOS20,2025-02,-0.01847901810206176,-0.018494236358191363,0.007752384518471933,1.5504769036943867e-05
CURRENT4_CHRONOS20,2025-03,-0.026977177272762276,-0.027004814124827026,0.014201543591400675,2.8403087182801352e-05
CURRENT4_CHRONOS20,2025-04,0.008972586508933844,0.008926598403213859,0.0227895714585738,4.55791429171476e-05
CURRENT4_CHRONOS20,2025-05,0.051016020559511155,0.050996446118460215,0.00931215160729909,1.862430321459818e-05
CURRENT4_CHRONOS20,2025-06,0.043772877677492605,0.043760436334499,0.005959794155966702,1.1919588311933406e-05
CURRENT4_CHRONOS20,2025-07,0.014454338267436029,0.014430556993687338,0.011721214475287428,2.3442428950574855e-05
CURRENT4_CHRONOS20,2025-08,0.02013840844654413,0.019628339242320436,0.25,0.0005
CURRENT4_CHRONOS20,2025-09,0.07879295889014726,0.07878106029578436,0.0055147719795005795,1.102954395900116e-05
CURRENT4_CHRONOS20,2025-10,0.03958800943781804,0.03904012683546476,0.2635094851897031,0.0005270189703794061
CURRENT4_CHRONOS20,2025-11,-0.0320460341997062,-0.032536400127300524,0.25330023168459925,0.0005066004633691985
CURRENT4_CHRONOS20,2025-12,0.027374434859266605,0.02734108266085067,0.016231763846284178,3.246352769256836e-05
CURRENT4_CHRONOS20,2026-01,0.07040612056214712,0.0698191124061458,0.2741988039515778,0.0005483976079031556
CURRENT4_CHRONOS20,2026-02,0.028847600479334767,0.0288260293097109,0.010483170497444988,2.0966340994889977e-05
CURRENT4_CHRONOS20,2026-03,-0.09729860435536031,-0.09779929817058464,0.277330808194193,0.000554661616388386
CURRENT4_CHRONOS20,2026-04,0.1419220953066591,0.1412981099907411,0.27321711283223993,0.0005464342256644799
CURRENT4_CHRONOS20,2026-05,0.08303361604606652,0.08241348173635266,0.2862950422434578,0.0005725900844869156
CURRENT4_CHRONOS20,2026-06,-0.031374736363549705,-0.031913977792727755,0.2783539978886269,0.0005567079957772539
CURRENT4_CHRONOS20,2026-07,-0.08087946315754768,-0.08138990427599524,0.277679095388884,0.0005553581907777681
CURRENT4_CHRONOS20,2026-08,0.009968545603482593,0.009968545603482593,0.0,0.0
C3_REX3_CHRONOS20,2017-05,0.040647917568915615,0.04011387846959402,0.25658971219051413,0.0005131794243810283
C3_REX3_CHRONOS20,2017-06,0.0013649644905129321,0.0008434684224514211,0.26039260736807357,0.0005207852147361471
C3_REX3_CHRONOS20,2017-07,0.018278122237312955,0.017751244313004788,0.2587102250365657,0.0005174204500731314
C3_REX3_CHRONOS20,2017-08,0.009947602114554366,0.009432587697913997,0.2549708596574227,0.0005099417193148454
C3_REX3_CHRONOS20,2017-09,0.0005341602614605812,0.0005200698141660798,0.007041462377773658,1.4082924755547317e-05
C3_REX3_CHRONOS20,2017-10,0.03737941294408298,0.036858672713041996,0.25098831948240047,0.000501976638964801
C3_REX3_CHRONOS20,2017-11,0.024202160561601627,0.023679324126062218,0.25524083802603165,0.0005104816760520633
C3_REX3_CHRONOS20,2017-12,0.010179635980726687,0.010164647262712379,0.007418837937661835,1.483767587532367e-05
C3_REX3_CHRONOS20,2018-01,0.05338281538414602,0.05337314491210354,0.0045901983122071666,9.180396624414334e-06
C3_REX3_CHRONOS20,2018-02,-0.04253093843621991,-0.04302616602250786,0.2586128399173089,0.0005172256798346178
C3_REX3_CHRONOS20,2018-03,0.0015188979726030727,0.0010033309291177517,0.257392568691797,0.000514785137383594
C3_REX3_CHRONOS20,2018-04,-0.003562554944042895,-0.004079639637309951,0.25946671104758645,0.0005189334220951729
C3_REX3_CHRONOS20,2018-05,0.02242772243026825,0.02191270307315918,0.25186100973709097,0.000503722019474182
C3_REX3_CHRONOS20,2018-06,-0.009522976249511927,-0.009550513635394053,0.013901072524606345,2.780214504921269e-05
C3_REX3_CHRONOS20,2018-07,0.01909978695373926,0.019060276087680794,0.019385180217095496,3.8770360434190994e-05
C3_REX3_CHRONOS20,2018-08,0.033373873854732894,0.03336364591079044,0.0049488109779117495,9.8976219558235e-06
C3_REX3_CHRONOS20,2018-09,-0.0014610190254643607,-0.001475926743039313,0.00746476495094342,1.4929529901886841e-05
C3_REX3_CHRONOS20,2018-10,-0.10287952552056834,-0.10289387118940696,0.007995397077158448,1.5990794154316897e-05
C3_REX3_CHRONOS20,2018-11,0.018250294272405654,0.018228431093244124,0.010735660615450435,2.147132123090087e-05
C3_REX3_CHRONOS20,2018-12,-0.07768355582429332,-0.07769773855178752,0.0076886450323800926,1.5377290064760184e-05
C3_REX3_CHRONOS20,2019-01,0.06654828562569204,0.06599213104884649,0.26072639389184565,0.0005214527877836913
C3_REX3_CHRONOS20,2019-02,0.030408106253355438,0.02989290220022922,0.25,0.0005
C3_REX3_CHRONOS20,2019-03,3.1997102689862444e-05,-0.00046801889586089995,0.25,0.0005
C3_REX3_CHRONOS20,2019-04,0.034643570329320195,0.03461711177568172,0.012786313276304362,2.5572626552608724e-05
C3_REX3_CHRONOS20,2019-05,-0.042153566084563,-0.04263259740409342,0.25005643001262057,0.0005001128600252412
C3_REX3_CHRONOS20,2019-06,0.056956995848708836,0.05689674736531414,0.028500915189053247,5.70018303781065e-05
C3_REX3_CHRONOS20,2019-07,0.01214182965365862,0.012110297917157453,0.015576738149355257,3.115347629871051e-05
C3_REX3_CHRONOS20,2019-08,0.005740964571610885,0.005729957119907425,0.005472309516788468,1.0944619033576935e-05
C3_REX3_CHRONOS20,2019-09,0.0059426430015596665,0.00589768327897322,0.02234706068949356,4.4694121378987125e-05
C3_REX3_CHRONOS20,2019-10,0.02892463046155136,0.028410168146320247,0.25,0.0005
C3_REX3_CHRONOS20,2019-11,0.02937154728488922,0.02885483195317229,0.2509858238652374,0.0005019716477304748
C3_REX3_CHRONOS20,2019-12,0.026342166040315806,0.02582899495729607,0.24999999999999994,0.0004999999999999999
C3_REX3_CHRONOS20,2020-01,0.013121742178929807,0.01261398826269633,0.25058879653574606,0.0005011775930714921
C3_REX3_CHRONOS20,2020-02,-0.015423711976825016,-0.015925538743339684,0.2548440240836193,0.0005096880481672385
C3_REX3_CHRONOS20,2020-03,-0.05324075235981962,-0.05372586898142795,0.25619851235539415,0.0005123970247107883
C3_REX3_CHRONOS20,2020-04,0.17167869740528707,0.17033481025017672,0.5734879186956059,0.0011469758373912119
C3_REX3_CHRONOS20,2020-05,0.04706639041855243,0.046531460330413,0.2554422971810283,0.0005108845943620566
C3_REX3_CHRONOS20,2020-06,0.03480020605945788,0.03478529790661988,0.007203396728489686,1.4406793456979372e-05
C3_REX3_CHRONOS20,2020-07,0.049519762622771024,0.04949988667207483,0.009469069284896534,1.8938138569793068e-05
C3_REX3_CHRONOS20,2020-08,0.059568991642851676,0.059544795957567453,0.011417701667068125,2.2835403334136252e-05
C3_REX3_CHRONOS20,2020-09,-0.042307798271592034,-0.0427928606581196,0.25324545070554555,0.0005064909014110911
C3_REX3_CHRONOS20,2020-10,-0.019011489262520498,-0.019992477773257633,0.5,0.001
C3_REX3_CHRONOS20,2020-11,0.09194543312566639,0.0913948873652819,0.25209398916971315,0.0005041879783394263
C3_REX3_CHRONOS20,2020-12,0.0576425718434157,0.057113750557494125,0.25,0.0005
C3_REX3_CHRONOS20,2021-01,0.01779054200015384,0.017266652728001652,0.2573659562223888,0.0005147319124447775
C3_REX3_CHRONOS20,2021-02,0.01858512014348146,0.01805674679025393,0.25936632235136436,0.0005187326447027287
C3_REX3_CHRONOS20,2021-03,0.02624325794620641,0.02571972180122506,0.2550740971635115,0.000510148194327023
C3_REX3_CHRONOS20,2021-04,0.042440547540486984,0.04190543530091162,0.25666319332905996,0.00051332638665812
C3_REX3_CHRONOS20,2021-05,0.025632147727648213,0.02511933165378477,0.25,0.0005
C3_REX3_CHRONOS20,2021-06,0.008086619426738606,0.007565484088962293,0.2584774600384039,0.0005169549200768077
C3_REX3_CHRONOS20,2021-07,0.00693995528047342,0.006436485302832917,0.25000000000000006,0.0005000000000000001
C3_REX3_CHRONOS20,2021-08,0.019355108763625672,0.019330628634451452,0.012007655116338209,2.4015310232676418e-05
C3_REX3_CHRONOS20,2021-09,-0.05417268513537121,-0.054645598792803174,0.24999999999999994,0.0004999999999999999
C3_REX3_CHRONOS20,2021-10,0.05844331322491381,0.05791129352570623,0.2513217725316109,0.0005026435450632219
C3_REX3_CHRONOS20,2021-11,-0.012368782889272012,-0.012866216481929649,0.2518316472988451,0.0005036632945976902
C3_REX3_CHRONOS20,2021-12,0.04444972109184597,0.04442015805650246,0.014152445419958457,2.8304890839916915e-05
C3_REX3_CHRONOS20,2022-01,-0.03757250926763789,-0.03854922759269919,0.5074243693504932,0.0010148487387009863
C3_REX3_CHRONOS20,2022-02,-0.011957352564302526,-0.012977484144455542,0.5162386374719484,0.0010324772749438968
C3_REX3_CHRONOS20,2022-03,0.060837679644538234,0.0607756279085081,0.029246574297405042,5.8493148594810085e-05
C3_REX3_CHRONOS20,2022-04,-0.03310456038888232,-0.033594443512442784,0.2533278695356786,0.0005066557390713572
C3_REX3_CHRONOS20,2022-05,-0.007650643004851743,-0.00818703458228276,0.2702634781036506,0.0005405269562073012
C3_REX3_CHRONOS20,2022-06,-0.07678989375456746,-0.07726968765521869,0.2598508711099085,0.000519701742219817
C3_REX3_CHRONOS20,2022-07,0.07081892863493633,0.07027798968348042,0.25258189643036677,0.0005051637928607335
C3_REX3_CHRONOS20,2022-08,-0.047892678634756436,-0.0483687761132644,0.25002301096994484,0.0005000460219398897
C3_REX3_CHRONOS20,2022-09,-0.10506698764772993,-0.10551783684555582,0.2518899133248413,0.0005037798266496826
C3_REX3_CHRONOS20,2022-10,0.06697974888854685,0.06696062824676763,0.00896017089307978,1.792034178615956e-05
C3_REX3_CHRONOS20,2022-11,0.04351873380707105,0.042969115065920827,0.2633487657406254,0.0005266975314812507
C3_REX3_CHRONOS20,2022-12,-0.05052331913404118,-0.05147279581490671,0.5,0.001
C3_REX3_CHRONOS20,2023-01,0.10777666863529034,0.10665059660462606,0.5082576942390375,0.0010165153884780752
C3_REX3_CHRONOS20,2023-02,-0.03460956562003226,-0.035116233880503556,0.2624162423966255,0.0005248324847932509
C3_REX3_CHRONOS20,2023-03,0.01630621161806478,0.01628642009015513,0.009736990526697464,1.947398105339493e-05
C3_REX3_CHRONOS20,2023-04,0.007246925038491447,0.00671251549183971,0.26528229243845824,0.0005305645848769165
C3_REX3_CHRONOS20,2023-05,0.008797682886946712,0.008786311096752986,0.005636308641099444,1.1272617282198889e-05
C3_REX3_CHRONOS20,2023-06,0.054345881274918684,0.05380554107876501,0.2562442770203986,0.0005124885540407971
C3_REX3_CHRONOS20,2023-07,0.049382967981254744,0.049366442842053715,0.007873740905516291,1.5747481811032583e-05
C3_REX3_CHRONOS20,2023-08,-0.03940908109655317,-0.03941704719104744,0.004146455237853522,8.292910475707044e-06
C3_REX3_CHRONOS20,2023-09,-0.053326252705592325,-0.0533444154083369,0.00959290505118375,1.9185810102367502e-05
C3_REX3_CHRONOS20,2023-10,-0.04483709180843487,-0.04485428574407602,0.009000525194928416,1.8001050389856834e-05
C3_REX3_CHRONOS20,2023-11,0.11823091791911278,0.11765331425350678,0.2582667212783992,0.0005165334425567985
C3_REX3_CHRONOS20,2023-12,0.07868925838807406,0.07813615957519437,0.25637541515243745,0.000512750830304875
C3_REX3_CHRONOS20,2024-01,-0.013527054267036931,-0.013548421493611351,0.010830112810781861,2.1660225621563722e-05
C3_REX3_CHRONOS20,2024-02,0.056427533123063256,0.055885834602747986,0.2563822426671273,0.0005127644853342545
C3_REX3_CHRONOS20,2024-03,0.025201434382651433,0.024685514950559373,0.2516185672345088,0.0005032371344690176
C3_REX3_CHRONOS20,2024-04,-0.055478855910057745,-0.05595425724913705,0.2516626239942221,0.0005033252479884442
C3_REX3_CHRONOS20,2024-05,0.04257862297148307,0.04205298281472891,0.2520865789748187,0.0005041731579496373
C3_REX3_CHRONOS20,2024-06,0.02960280253615366,0.02908565880124092,0.25113749381767897,0.000502274987635358
C3_REX3_CHRONOS20,2024-07,0.035352378840405096,0.034815108657308746,0.25946247580862697,0.000518924951617254
C3_REX3_CHRONOS20,2024-08,0.009427379884581644,0.009384192513579137,0.021392014850955834,4.278402970191167e-05
C3_REX3_CHRONOS20,2024-09,0.015490668902083504,0.014971080147971216,0.2558313778866212,0.0005116627557732424
C3_REX3_CHRONOS20,2024-10,-0.0018901863059471724,-0.0023899976811955215,0.2503789504876313,0.0005007579009752626
C3_REX3_CHRONOS20,2024-11,0.0683650739024475,0.06782258937000862,0.2538853738717922,0.0005077707477435844
C3_REX3_CHRONOS20,2024-12,-0.03078613742906866,-0.031277263199404715,0.25336295182201474,0.0005067259036440295
C3_REX3_CHRONOS20,2025-01,0.03531938866347151,0.0352899336564243,0.014225082312565696,2.845016462513139e-05
C3_REX3_CHRONOS20,2025-02,-0.01847901810206176,-0.018494236358191363,0.007752384518471933,1.5504769036943867e-05
C3_REX3_CHRONOS20,2025-03,-0.026977177272762276,-0.027004814124827026,0.014201543591400675,2.8403087182801352e-05
C3_REX3_CHRONOS20,2025-04,0.008972586508933844,0.008926598403213859,0.0227895714585738,4.55791429171476e-05
C3_REX3_CHRONOS20,2025-05,0.051016020559511155,0.050996446118460215,0.00931215160729909,1.862430321459818e-05
C3_REX3_CHRONOS20,2025-06,0.043772877677492605,0.043760436334499,0.005959794155966702,1.1919588311933406e-05
C3_REX3_CHRONOS20,2025-07,0.014454338267436029,0.014430556993687338,0.011721214475287428,2.3442428950574855e-05
C3_REX3_CHRONOS20,2025-08,0.02013840844654413,0.019628339242320436,0.25,0.0005
C3_REX3_CHRONOS20,2025-09,0.07879295889014726,0.07878106029578436,0.0055147719795005795,1.102954395900116e-05
C3_REX3_CHRONOS20,2025-10,0.03958800943781804,0.03904012683546476,0.2635094851897031,0.0005270189703794061
C3_REX3_CHRONOS20,2025-11,-0.003987876859611772,-0.004492457062715949,0.25330023168459925,0.0005066004633691985
C3_REX3_CHRONOS20,2025-12,0.024791323921586006,0.02426739094176167,0.25562910594254873,0.0005112582118850975
C3_REX3_CHRONOS20,2026-01,0.07040612056214712,0.0698191124061458,0.2741988039515778,0.0005483976079031556
C3_REX3_CHRONOS20,2026-02,0.028847600479334767,0.0288260293097109,0.010483170497444988,2.0966340994889977e-05
C3_REX3_CHRONOS20,2026-03,-0.08598543986296892,-0.0864924086562967,0.277330808194193,0.000554661616388386
C3_REX3_CHRONOS20,2026-04,0.13918129926173428,0.1379985506159107,0.5191222181185957,0.0010382444362371914
C3_REX3_CHRONOS20,2026-05,0.08303361604606652,0.08241348173635266,0.2862950422434578,0.0005725900844869156
C3_REX3_CHRONOS20,2026-06,-0.031374736363549705,-0.031913977792727755,0.2783539978886269,0.0005567079957772539
C3_REX3_CHRONOS20,2026-07,-0.07168053779105521,-0.07173192787694671,0.02767909538888401,5.535819077776802e-05
C3_REX3_CHRONOS20,2026-08,0.012713948573702893,0.012713948573702893,0.0,0.0
ZSPACE_REX3_CHRONOS20,2017-05,0.040647917568915615,0.04011387846959402,0.25658971219051413,0.0005131794243810283
ZSPACE_REX3_CHRONOS20,2017-06,0.0013649644905129321,0.0008434684224514211,0.26039260736807357,0.0005207852147361471
ZSPACE_REX3_CHRONOS20,2017-07,0.022943434661198747,0.022414142808837356,0.2587102250365657,0.0005174204500731314
ZSPACE_REX3_CHRONOS20,2017-08,0.0014822898457733658,0.000977827185754121,0.2518580034485697,0.0005037160068971394
ZSPACE_REX3_CHRONOS20,2017-09,0.005348625127049145,0.004835459094424399,0.25521795116576984,0.0005104359023315397
ZSPACE_REX3_CHRONOS20,2017-10,0.04626553065473615,0.04625525589818191,0.004910205035698126,9.820410071396252e-06
ZSPACE_REX3_CHRONOS20,2017-11,0.024568392356645763,0.024038093846352693,0.2587911720920605,0.000517582344184121
ZSPACE_REX3_CHRONOS20,2017-12,0.010179635980726687,0.010164647262712379,0.007418837937661835,1.483767587532367e-05
ZSPACE_REX3_CHRONOS20,2018-01,0.047240299694328636,0.04670882491940964,0.25375015413094565,0.0005075003082618913
ZSPACE_REX3_CHRONOS20,2018-02,-0.03903537089517384,-0.03952945463394408,0.25707696402414076,0.0005141539280482815
ZSPACE_REX3_CHRONOS20,2018-03,-0.002596887120211666,-0.0026112548837118332,0.007202586053006402,1.4405172106012805e-05
ZSPACE_REX3_CHRONOS20,2018-04,0.0056421714970207315,0.005613612824339587,0.014199221895231762,2.8398443790463523e-05
ZSPACE_REX3_CHRONOS20,2018-05,0.024068231560931075,0.024057338091910907,0.005318722271012752,1.0637444542025503e-05
ZSPACE_REX3_CHRONOS20,2018-06,-0.009522976249511927,-0.009550513635394053,0.013901072524606345,2.780214504921269e-05
ZSPACE_REX3_CHRONOS20,2018-07,0.01909978695373926,0.019060276087680794,0.019385180217095496,3.8770360434190994e-05
ZSPACE_REX3_CHRONOS20,2018-08,0.033373873854732894,0.03336364591079044,0.0049488109779117495,9.8976219558235e-06
ZSPACE_REX3_CHRONOS20,2018-09,-0.0014610190254643607,-0.001475926743039313,0.00746476495094342,1.4929529901886841e-05
ZSPACE_REX3_CHRONOS20,2018-10,-0.10287952552056834,-0.10289387118940696,0.007995397077158448,1.5990794154316897e-05
ZSPACE_REX3_CHRONOS20,2018-11,0.018250294272405654,0.018228431093244124,0.010735660615450435,2.147132123090087e-05
ZSPACE_REX3_CHRONOS20,2018-12,-0.08840697821349486,-0.08887679255470515,0.2576886450323801,0.0005153772900647602
ZSPACE_REX3_CHRONOS20,2019-01,0.06444169416526258,0.06389945383377604,0.25470645055451535,0.0005094129011090307
ZSPACE_REX3_CHRONOS20,2019-02,0.030408106253355438,0.02989290220022922,0.25,0.0005
ZSPACE_REX3_CHRONOS20,2019-03,0.019805383820592493,0.019791898861667212,0.006611535465329152,1.3223070930658305e-05
ZSPACE_REX3_CHRONOS20,2019-04,0.03189061088523215,0.031868876182118866,0.010531495724542275,2.106299144908455e-05
ZSPACE_REX3_CHRONOS20,2019-05,-0.055906581103682074,-0.05591722023659329,0.0056345763556752415,1.1269152711350482e-05
ZSPACE_REX3_CHRONOS20,2019-06,0.05815128999604258,0.05811850817714448,0.01549013794493996,3.098027588987992e-05
ZSPACE_REX3_CHRONOS20,2019-07,0.008613418870385248,0.008109112160950893,0.25000000000000006,0.0005000000000000001
ZSPACE_REX3_CHRONOS20,2019-08,-0.018836932933520623,-0.019327514467053386,0.25,0.0005
ZSPACE_REX3_CHRONOS20,2019-09,0.017397402919678617,0.017367804114666985,0.014546334071347741,2.9092668142695483e-05
ZSPACE_REX3_CHRONOS20,2019-10,0.026058821569512558,0.02605371596461259,0.0024879689120372445,4.975937824074489e-06
ZSPACE_REX3_CHRONOS20,2019-11,0.0290878815738973,0.02857134611590917,0.250967612794078,0.0005019352255881559
ZSPACE_REX3_CHRONOS20,2019-12,0.026342166040315806,0.02582899495729607,0.24999999999999994,0.0004999999999999999
ZSPACE_REX3_CHRONOS20,2020-01,-0.023280121845806745,-0.023769631963445614,0.25058879653574606,0.0005011775930714921
ZSPACE_REX3_CHRONOS20,2020-02,-0.01233667820752482,-0.013324341529317163,0.5,0.001
ZSPACE_REX3_CHRONOS20,2020-03,-0.11271970887016936,-0.11319404845971992,0.2672997441125622,0.0005345994882251244
ZSPACE_REX3_CHRONOS20,2020-04,0.15216315180936646,0.15092171135542798,0.5387433420296373,0.0010774866840592746
ZSPACE_REX3_CHRONOS20,2020-05,0.04706639041855243,0.046531460330413,0.2554422971810283,0.0005108845943620566
ZSPACE_REX3_CHRONOS20,2020-06,0.03480020605945788,0.03478529790661988,0.007203396728489686,1.4406793456979372e-05
ZSPACE_REX3_CHRONOS20,2020-07,0.049519762622771024,0.04949988667207483,0.009469069284896534,1.8938138569793068e-05
ZSPACE_REX3_CHRONOS20,2020-08,0.059568991642851676,0.059544795957567453,0.011417701667068125,2.2835403334136252e-05
ZSPACE_REX3_CHRONOS20,2020-09,-0.042307798271592034,-0.0427928606581196,0.25324545070554555,0.0005064909014110911
ZSPACE_REX3_CHRONOS20,2020-10,-0.019011489262520498,-0.019992477773257633,0.5,0.001
ZSPACE_REX3_CHRONOS20,2020-11,0.08734598581475894,0.08625863982894444,0.5,0.001
ZSPACE_REX3_CHRONOS20,2020-12,0.054736431754770276,0.05420906353889343,0.2500000000000001,0.0005000000000000002
ZSPACE_REX3_CHRONOS20,2021-01,0.01779054200015384,0.017266652728001652,0.2573659562223888,0.0005147319124447775
ZSPACE_REX3_CHRONOS20,2021-02,0.01858512014348146,0.01805674679025393,0.25936632235136436,0.0005187326447027287
ZSPACE_REX3_CHRONOS20,2021-03,0.02624325794620641,0.02571972180122506,0.2550740971635115,0.000510148194327023
ZSPACE_REX3_CHRONOS20,2021-04,0.03631592953312213,0.035783961221578675,0.25666319332905996,0.00051332638665812
ZSPACE_REX3_CHRONOS20,2021-05,0.02183859388445608,0.02081675529057181,0.5,0.001
ZSPACE_REX3_CHRONOS20,2021-06,0.008086619426738606,0.007565484088962293,0.2584774600384039,0.0005169549200768077
ZSPACE_REX3_CHRONOS20,2021-07,0.00693995528047342,0.006436485302832917,0.25000000000000006,0.0005000000000000001
ZSPACE_REX3_CHRONOS20,2021-08,0.019355108763625672,0.019330628634451452,0.012007655116338209,2.4015310232676418e-05
ZSPACE_REX3_CHRONOS20,2021-09,-0.05417268513537121,-0.054645598792803174,0.24999999999999994,0.0004999999999999999
ZSPACE_REX3_CHRONOS20,2021-10,0.05844331322491381,0.05791129352570623,0.2513217725316109,0.0005026435450632219
ZSPACE_REX3_CHRONOS20,2021-11,-0.029645780773984387,-0.029653010905642763,0.0037255115272310374,7.4510230544620746e-06
ZSPACE_REX3_CHRONOS20,2021-12,0.046387621618096064,0.04584486666907006,0.25934698471811723,0.0005186939694362345
ZSPACE_REX3_CHRONOS20,2022-01,-0.004165265877341007,-0.005672286523902503,0.7566620217807809,0.0015133240435615618
ZSPACE_REX3_CHRONOS20,2022-02,-0.012553676416920179,-0.013582398149561747,0.5209000773372758,0.0010418001546745517
ZSPACE_REX3_CHRONOS20,2022-03,0.04606186942970791,0.045497908909643,0.26956365419010253,0.0005391273083802051
ZSPACE_REX3_CHRONOS20,2022-04,-0.03515613693264186,-0.035183899340164304,0.014386994924860438,2.8773989849720877e-05
ZSPACE_REX3_CHRONOS20,2022-05,-0.009876180426773962,-0.01043188439615439,0.2806234727390229,0.0005612469454780457
ZSPACE_REX3_CHRONOS20,2022-06,-0.08303985002842074,-0.08351110016248597,0.2569632573889792,0.0005139265147779584
ZSPACE_REX3_CHRONOS20,2022-07,0.06922886188752853,0.06815657778421436,0.5014287125684029,0.001002857425136806
ZSPACE_REX3_CHRONOS20,2022-08,-0.047892678634756436,-0.0483687761132644,0.25002301096994484,0.0005000460219398897
ZSPACE_REX3_CHRONOS20,2022-09,-0.10506698764772993,-0.10551783684555582,0.2518899133248413,0.0005037798266496826
ZSPACE_REX3_CHRONOS20,2022-10,0.06697974888854685,0.06696062824676763,0.00896017089307978,1.792034178615956e-05
ZSPACE_REX3_CHRONOS20,2022-11,0.03213387560385805,0.031606705466170615,0.25537875955231265,0.0005107575191046253
ZSPACE_REX3_CHRONOS20,2022-12,-0.051353780605827404,-0.051834793903201226,0.2535261763236368,0.0005070523526472736
ZSPACE_REX3_CHRONOS20,2023-01,0.10777666863529034,0.10665059660462606,0.5082576942390375,0.0010165153884780752
ZSPACE_REX3_CHRONOS20,2023-02,-0.03460956562003226,-0.035116233880503556,0.2624162423966255,0.0005248324847932509
ZSPACE_REX3_CHRONOS20,2023-03,0.01630621161806478,0.01628642009015513,0.009736990526697464,1.947398105339493e-05
ZSPACE_REX3_CHRONOS20,2023-04,0.007246925038491447,0.00671251549183971,0.26528229243845824,0.0005305645848769165
ZSPACE_REX3_CHRONOS20,2023-05,0.008797682886946712,0.008786311096752986,0.005636308641099444,1.1272617282198889e-05
ZSPACE_REX3_CHRONOS20,2023-06,0.054345881274918684,0.05380554107876501,0.2562442770203986,0.0005124885540407971
ZSPACE_REX3_CHRONOS20,2023-07,0.049382967981254744,0.049366442842053715,0.007873740905516291,1.5747481811032583e-05
ZSPACE_REX3_CHRONOS20,2023-08,-0.03940908109655317,-0.03941704719104744,0.004146455237853522,8.292910475707044e-06
ZSPACE_REX3_CHRONOS20,2023-09,-0.053326252705592325,-0.0533444154083369,0.00959290505118375,1.9185810102367502e-05
ZSPACE_REX3_CHRONOS20,2023-10,-0.04483709180843487,-0.04485428574407602,0.009000525194928416,1.8001050389856834e-05
ZSPACE_REX3_CHRONOS20,2023-11,0.11823091791911278,0.11765331425350678,0.2582667212783992,0.0005165334425567985
ZSPACE_REX3_CHRONOS20,2023-12,0.07868925838807406,0.07813615957519437,0.25637541515243745,0.000512750830304875
ZSPACE_REX3_CHRONOS20,2024-01,-0.013527054267036931,-0.013548421493611351,0.010830112810781861,2.1660225621563722e-05
ZSPACE_REX3_CHRONOS20,2024-02,0.056427533123063256,0.055885834602747986,0.2563822426671273,0.0005127644853342545
ZSPACE_REX3_CHRONOS20,2024-03,0.04013205829202038,0.03960862521553632,0.2516185672345088,0.0005032371344690176
ZSPACE_REX3_CHRONOS20,2024-04,-0.05157784604095994,-0.05207473357564918,0.26195483341199094,0.0005239096668239819
ZSPACE_REX3_CHRONOS20,2024-05,0.03714388518142919,0.03662323879153373,0.25100007691060505,0.0005020001538212102
ZSPACE_REX3_CHRONOS20,2024-06,0.03143011898630621,0.030913796752732647,0.25029433602415807,0.0005005886720483161
ZSPACE_REX3_CHRONOS20,2024-07,0.035352378840405096,0.034815108657308746,0.25946247580862697,0.000518924951617254
ZSPACE_REX3_CHRONOS20,2024-08,0.009427379884581644,0.009384192513579137,0.021392014850955834,4.278402970191167e-05
ZSPACE_REX3_CHRONOS20,2024-09,0.015490668902083504,0.014971080147971216,0.2558313778866212,0.0005116627557732424
ZSPACE_REX3_CHRONOS20,2024-10,-0.01658640718566229,-0.01707885931219033,0.2503789504876313,0.0005007579009752626
ZSPACE_REX3_CHRONOS20,2024-11,0.06667333279829069,0.06665511071981811,0.00854154590366632,1.708309180733264e-05
ZSPACE_REX3_CHRONOS20,2024-12,-0.03078613742906866,-0.031277263199404715,0.25336295182201474,0.0005067259036440295
ZSPACE_REX3_CHRONOS20,2025-01,0.03531938866347151,0.0352899336564243,0.014225082312565696,2.845016462513139e-05
ZSPACE_REX3_CHRONOS20,2025-02,-0.01847901810206176,-0.018494236358191363,0.007752384518471933,1.5504769036943867e-05
ZSPACE_REX3_CHRONOS20,2025-03,-0.026977177272762276,-0.027004814124827026,0.014201543591400675,2.8403087182801352e-05
ZSPACE_REX3_CHRONOS20,2025-04,0.008972586508933844,0.008926598403213859,0.0227895714585738,4.55791429171476e-05
ZSPACE_REX3_CHRONOS20,2025-05,0.051016020559511155,0.050996446118460215,0.00931215160729909,1.862430321459818e-05
ZSPACE_REX3_CHRONOS20,2025-06,0.043772877677492605,0.043760436334499,0.005959794155966702,1.1919588311933406e-05
ZSPACE_REX3_CHRONOS20,2025-07,0.014454338267436029,0.014430556993687338,0.011721214475287428,2.3442428950574855e-05
ZSPACE_REX3_CHRONOS20,2025-08,0.02013840844654413,0.019628339242320436,0.25,0.0005
ZSPACE_REX3_CHRONOS20,2025-09,0.07879295889014726,0.07878106029578436,0.0055147719795005795,1.102954395900116e-05
ZSPACE_REX3_CHRONOS20,2025-10,0.034916489809962536,0.033853610942168766,0.5135094851897031,0.0010270189703794062
ZSPACE_REX3_CHRONOS20,2025-11,-0.0052066406646834595,-0.005218084645900345,0.005751938887226776,1.1503877774453552e-05
ZSPACE_REX3_CHRONOS20,2025-12,0.024791323921586006,0.02426739094176167,0.25562910594254873,0.0005112582118850975
ZSPACE_REX3_CHRONOS20,2026-01,0.07040612056214712,0.0698191124061458,0.2741988039515778,0.0005483976079031556
ZSPACE_REX3_CHRONOS20,2026-02,0.028847600479334767,0.0288260293097109,0.010483170497444988,2.0966340994889977e-05
ZSPACE_REX3_CHRONOS20,2026-03,-0.09729860435536031,-0.09779929817058464,0.277330808194193,0.000554661616388386
ZSPACE_REX3_CHRONOS20,2026-04,0.13759310594015406,0.13754028268515772,0.023217112832239956,4.643422566447991e-05
ZSPACE_REX3_CHRONOS20,2026-05,0.08252463168064561,0.08190676786928974,0.28538094805101494,0.0005707618961020299
ZSPACE_REX3_CHRONOS20,2026-06,-0.031374736363549705,-0.031913977792727755,0.2783539978886269,0.0005567079957772539
ZSPACE_REX3_CHRONOS20,2026-07,-0.08087946315754768,-0.08138990427599524,0.277679095388884,0.0005553581907777681
ZSPACE_REX3_CHRONOS20,2026-08,0.009968545603482593,0.009968545603482593,0.0,0.0
C1_REX3_CHRONOS25,2017-05,0.040647917568915615,0.04011387846959402,0.25658971219051413,0.0005131794243810283
C1_REX3_CHRONOS25,2017-06,0.0013649644905129321,0.0008434684224514211,0.26039260736807357,0.0005207852147361471
C1_REX3_CHRONOS25,2017-07,0.018278122237312955,0.017751244313004788,0.2587102250365657,0.0005174204500731314
C1_REX3_CHRONOS25,2017-08,0.0014157032005868153,0.0004142874973864785,0.5000000000000001,0.0010000000000000002
C1_REX3_CHRONOS25,2017-09,0.005348625127049145,0.004835459094424399,0.25521795116576984,0.0005104359023315397
C1_REX3_CHRONOS25,2017-10,0.03789850151154073,0.03737621918634004,0.2516056841975064,0.0005032113683950128
C1_REX3_CHRONOS25,2017-11,0.024202160561601627,0.023679324126062218,0.25524083802603165,0.0005104816760520633
C1_REX3_CHRONOS25,2017-12,0.010179635980726687,0.010164647262712379,0.007418837937661835,1.483767587532367e-05
C1_REX3_CHRONOS25,2018-01,0.05338281538414602,0.05337314491210354,0.0045901983122071666,9.180396624414334e-06
C1_REX3_CHRONOS25,2018-02,-0.043686291447320724,-0.044651372164376535,0.5045837513489985,0.001009167502697997
C1_REX3_CHRONOS25,2018-03,0.0017116409680102418,0.0006961118873318739,0.5068969148133426,0.0010137938296266853
C1_REX3_CHRONOS25,2018-04,-0.003562554944042895,-0.004079639637309951,0.25946671104758645,0.0005189334220951729
C1_REX3_CHRONOS25,2018-05,0.02242772243026825,0.02191270307315918,0.25186100973709097,0.000503722019474182
C1_REX3_CHRONOS25,2018-06,-0.009522976249511927,-0.009550513635394053,0.013901072524606345,2.780214504921269e-05
C1_REX3_CHRONOS25,2018-07,0.01909978695373926,0.019060276087680794,0.019385180217095496,3.8770360434190994e-05
C1_REX3_CHRONOS25,2018-08,0.033373873854732894,0.03336364591079044,0.0049488109779117495,9.8976219558235e-06
C1_REX3_CHRONOS25,2018-09,-0.0014610190254643607,-0.001475926743039313,0.00746476495094342,1.4929529901886841e-05
C1_REX3_CHRONOS25,2018-10,-0.10287952552056834,-0.10289387118940696,0.007995397077158448,1.5990794154316897e-05
C1_REX3_CHRONOS25,2018-11,0.018250294272405654,0.018228431093244124,0.010735660615450435,2.147132123090087e-05
C1_REX3_CHRONOS25,2018-12,-0.08840697821349486,-0.08887679255470515,0.2576886450323801,0.0005153772900647602
C1_REX3_CHRONOS25,2019-01,0.06444169416526258,0.06389945383377604,0.25470645055451535,0.0005094129011090307
C1_REX3_CHRONOS25,2019-02,0.030408106253355438,0.02989290220022922,0.25,0.0005
C1_REX3_CHRONOS25,2019-03,3.1997102689862444e-05,-0.00046801889586089995,0.25,0.0005
C1_REX3_CHRONOS25,2019-04,0.034643570329320195,0.03461711177568172,0.012786313276304362,2.5572626552608724e-05
C1_REX3_CHRONOS25,2019-05,-0.042153566084563,-0.04263259740409342,0.25005643001262057,0.0005001128600252412
C1_REX3_CHRONOS25,2019-06,0.05952395936997945,0.05893380258528058,0.27850091518905323,0.0005570018303781064
C1_REX3_CHRONOS25,2019-07,0.012571979708330794,0.012065693718475767,0.25000000000000006,0.0005000000000000001
C1_REX3_CHRONOS25,2019-08,-0.007083313299054317,-0.007590638737272504,0.25547230951678845,0.0005109446190335769
C1_REX3_CHRONOS25,2019-09,0.008127635030596325,0.0075942420903494234,0.26454633407134776,0.0005290926681426956
C1_REX3_CHRONOS25,2019-10,0.02892463046155136,0.028410168146320247,0.25,0.0005
C1_REX3_CHRONOS25,2019-11,0.02937154728488922,0.02885483195317229,0.2509858238652374,0.0005019716477304748
C1_REX3_CHRONOS25,2019-12,0.026342166040315806,0.02582899495729607,0.24999999999999994,0.0004999999999999999
C1_REX3_CHRONOS25,2020-01,0.013121742178929807,0.01261398826269633,0.25058879653574606,0.0005011775930714921
C1_REX3_CHRONOS25,2020-02,-0.015423711976825016,-0.015925538743339684,0.2548440240836193,0.0005096880481672385
C1_REX3_CHRONOS25,2020-03,-0.05324075235981962,-0.05372586898142795,0.25619851235539415,0.0005123970247107883
C1_REX3_CHRONOS25,2020-04,0.17167869740528707,0.17033481025017672,0.5734879186956059,0.0011469758373912119
C1_REX3_CHRONOS25,2020-05,0.04706639041855243,0.046531460330413,0.2554422971810283,0.0005108845943620566
C1_REX3_CHRONOS25,2020-06,0.03480020605945788,0.03478529790661988,0.007203396728489686,1.4406793456979372e-05
C1_REX3_CHRONOS25,2020-07,0.049519762622771024,0.04949988667207483,0.009469069284896534,1.8938138569793068e-05
C1_REX3_CHRONOS25,2020-08,0.059568991642851676,0.059544795957567453,0.011417701667068125,2.2835403334136252e-05
C1_REX3_CHRONOS25,2020-09,-0.042307798271592034,-0.0427928606581196,0.25324545070554555,0.0005064909014110911
C1_REX3_CHRONOS25,2020-10,-0.019011489262520498,-0.019992477773257633,0.5,0.001
C1_REX3_CHRONOS25,2020-11,0.08734598581475894,0.08625863982894444,0.5,0.001
C1_REX3_CHRONOS25,2020-12,0.054736431754770276,0.05420906353889343,0.2500000000000001,0.0005000000000000002
C1_REX3_CHRONOS25,2021-01,0.01779054200015384,0.017266652728001652,0.2573659562223888,0.0005147319124447775
C1_REX3_CHRONOS25,2021-02,0.01858512014348146,0.01805674679025393,0.25936632235136436,0.0005187326447027287
C1_REX3_CHRONOS25,2021-03,0.02624325794620641,0.02571972180122506,0.2550740971635115,0.000510148194327023
C1_REX3_CHRONOS25,2021-04,0.03631592953312213,0.035783961221578675,0.25666319332905996,0.00051332638665812
C1_REX3_CHRONOS25,2021-05,0.02183859388445608,0.02081675529057181,0.5,0.001
C1_REX3_CHRONOS25,2021-06,0.008086619426738606,0.007565484088962293,0.2584774600384039,0.0005169549200768077
C1_REX3_CHRONOS25,2021-07,0.00693995528047342,0.006436485302832917,0.25000000000000006,0.0005000000000000001
C1_REX3_CHRONOS25,2021-08,0.019355108763625672,0.019330628634451452,0.012007655116338209,2.4015310232676418e-05
C1_REX3_CHRONOS25,2021-09,-0.05417268513537121,-0.054645598792803174,0.24999999999999994,0.0004999999999999999
C1_REX3_CHRONOS25,2021-10,0.05844331322491381,0.05791129352570623,0.2513217725316109,0.0005026435450632219
C1_REX3_CHRONOS25,2021-11,-0.012368782889272012,-0.012866216481929649,0.2518316472988451,0.0005036632945976902
C1_REX3_CHRONOS25,2021-12,0.04444972109184597,0.04442015805650246,0.014152445419958457,2.8304890839916915e-05
C1_REX3_CHRONOS25,2022-01,-0.015459750267199146,-0.016458909697840918,0.5074243693504932,0.0010148487387009863
C1_REX3_CHRONOS25,2022-02,-0.010106993438486866,-0.01065734993947065,0.2779878720909207,0.0005559757441818414
C1_REX3_CHRONOS25,2022-03,0.04606186942970791,0.045497908909643,0.26956365419010253,0.0005391273083802051
C1_REX3_CHRONOS25,2022-04,-0.03515613693264186,-0.035183899340164304,0.014386994924860438,2.8773989849720877e-05
C1_REX3_CHRONOS25,2022-05,-0.007650643004851743,-0.00818703458228276,0.2702634781036506,0.0005405269562073012
C1_REX3_CHRONOS25,2022-06,-0.07678989375456746,-0.07726968765521869,0.2598508711099085,0.000519701742219817
C1_REX3_CHRONOS25,2022-07,0.07081892863493633,0.07027798968348042,0.25258189643036677,0.0005051637928607335
C1_REX3_CHRONOS25,2022-08,-0.047892678634756436,-0.0483687761132644,0.25002301096994484,0.0005000460219398897
C1_REX3_CHRONOS25,2022-09,-0.10506698764772993,-0.10551783684555582,0.2518899133248413,0.0005037798266496826
C1_REX3_CHRONOS25,2022-10,0.06697974888854685,0.06696062824676763,0.00896017089307978,1.792034178615956e-05
C1_REX3_CHRONOS25,2022-11,0.04351873380707105,0.042969115065920827,0.2633487657406254,0.0005266975314812507
C1_REX3_CHRONOS25,2022-12,-0.05052331913404118,-0.05147279581490671,0.5,0.001
C1_REX3_CHRONOS25,2023-01,0.10777666863529034,0.10665059660462606,0.5082576942390375,0.0010165153884780752
C1_REX3_CHRONOS25,2023-02,-0.03460956562003226,-0.035116233880503556,0.2624162423966255,0.0005248324847932509
C1_REX3_CHRONOS25,2023-03,0.01630621161806478,0.01628642009015513,0.009736990526697464,1.947398105339493e-05
C1_REX3_CHRONOS25,2023-04,0.007246925038491447,0.00671251549183971,0.26528229243845824,0.0005305645848769165
C1_REX3_CHRONOS25,2023-05,0.008797682886946712,0.008786311096752986,0.005636308641099444,1.1272617282198889e-05
C1_REX3_CHRONOS25,2023-06,0.054345881274918684,0.05380554107876501,0.2562442770203986,0.0005124885540407971
C1_REX3_CHRONOS25,2023-07,0.049382967981254744,0.049366442842053715,0.007873740905516291,1.5747481811032583e-05
C1_REX3_CHRONOS25,2023-08,-0.03940908109655317,-0.03941704719104744,0.004146455237853522,8.292910475707044e-06
C1_REX3_CHRONOS25,2023-09,-0.053326252705592325,-0.0533444154083369,0.00959290505118375,1.9185810102367502e-05
C1_REX3_CHRONOS25,2023-10,-0.04483709180843487,-0.04485428574407602,0.009000525194928416,1.8001050389856834e-05
C1_REX3_CHRONOS25,2023-11,0.11823091791911278,0.11765331425350678,0.2582667212783992,0.0005165334425567985
C1_REX3_CHRONOS25,2023-12,0.07868925838807406,0.07813615957519437,0.25637541515243745,0.000512750830304875
C1_REX3_CHRONOS25,2024-01,-0.013527054267036931,-0.013548421493611351,0.010830112810781861,2.1660225621563722e-05
C1_REX3_CHRONOS25,2024-02,0.056427533123063256,0.055885834602747986,0.2563822426671273,0.0005127644853342545
C1_REX3_CHRONOS25,2024-03,0.025201434382651433,0.024685514950559373,0.2516185672345088,0.0005032371344690176
C1_REX3_CHRONOS25,2024-04,-0.055478855910057745,-0.05595425724913705,0.2516626239942221,0.0005033252479884442
C1_REX3_CHRONOS25,2024-05,0.04257862297148307,0.04205298281472891,0.2520865789748187,0.0005041731579496373
C1_REX3_CHRONOS25,2024-06,0.019046505083735843,0.01853466351299482,0.25113749381767897,0.000502274987635358
C1_REX3_CHRONOS25,2024-07,0.03823131105904709,0.03769632157461,0.2576446494814436,0.0005152892989628873
C1_REX3_CHRONOS25,2024-08,0.009427379884581644,0.009384192513579137,0.021392014850955834,4.278402970191167e-05
C1_REX3_CHRONOS25,2024-09,0.02083703293133743,0.020314708641872237,0.2558313778866212,0.0005116627557732424
C1_REX3_CHRONOS25,2024-10,-0.01631251776460252,-0.01631857016011351,0.0030763812795282786,6.152762559056557e-06
C1_REX3_CHRONOS25,2024-11,0.06667333279829069,0.06665511071981811,0.00854154590366632,1.708309180733264e-05
C1_REX3_CHRONOS25,2024-12,-0.03078613742906866,-0.031277263199404715,0.25336295182201474,0.0005067259036440295
C1_REX3_CHRONOS25,2025-01,0.03531938866347151,0.0352899336564243,0.014225082312565696,2.845016462513139e-05
C1_REX3_CHRONOS25,2025-02,-0.01847901810206176,-0.018494236358191363,0.007752384518471933,1.5504769036943867e-05
C1_REX3_CHRONOS25,2025-03,-0.026977177272762276,-0.027004814124827026,0.014201543591400675,2.8403087182801352e-05
C1_REX3_CHRONOS25,2025-04,0.008972586508933844,0.008926598403213859,0.0227895714585738,4.55791429171476e-05
C1_REX3_CHRONOS25,2025-05,0.051016020559511155,0.050996446118460215,0.00931215160729909,1.862430321459818e-05
C1_REX3_CHRONOS25,2025-06,0.043772877677492605,0.043760436334499,0.005959794155966702,1.1919588311933406e-05
C1_REX3_CHRONOS25,2025-07,0.014454338267436029,0.014430556993687338,0.011721214475287428,2.3442428950574855e-05
C1_REX3_CHRONOS25,2025-08,0.02013840844654413,0.019628339242320436,0.25,0.0005
C1_REX3_CHRONOS25,2025-09,0.07879295889014726,0.07878106029578436,0.0055147719795005795,1.102954395900116e-05
C1_REX3_CHRONOS25,2025-10,0.03958800943781804,0.03904012683546476,0.2635094851897031,0.0005270189703794061
C1_REX3_CHRONOS25,2025-11,-0.003987876859611772,-0.004492457062715949,0.25330023168459925,0.0005066004633691985
C1_REX3_CHRONOS25,2025-12,0.023420093789542795,0.022391179583841403,0.5026841919293183,0.0010053683838586367
C1_REX3_CHRONOS25,2026-01,0.06443755977167887,0.06384976511238749,0.27610574894486783,0.0005522114978897357
C1_REX3_CHRONOS25,2026-02,0.028847600479334767,0.0288260293097109,0.010483170497444988,2.0966340994889977e-05
C1_REX3_CHRONOS25,2026-03,-0.09729860435536031,-0.09779929817058464,0.277330808194193,0.000554661616388386
C1_REX3_CHRONOS25,2026-04,0.1419220953066591,0.1412981099907411,0.27321711283223993,0.0005464342256644799
C1_REX3_CHRONOS25,2026-05,0.08303361604606652,0.08241348173635266,0.2862950422434578,0.0005725900844869156
C1_REX3_CHRONOS25,2026-06,-0.031374736363549705,-0.031913977792727755,0.2783539978886269,0.0005567079957772539
C1_REX3_CHRONOS25,2026-07,-0.07168053779105521,-0.07173192787694671,0.02767909538888401,5.535819077776802e-05
C1_REX3_CHRONOS25,2026-08,0.012713948573702893,0.012713948573702893,0.0,0.0
C2_CURRENT4_CHRONOS50,2017-05,0.03376866920942212,0.033248261332713636,0.25170422175114093,0.0005034084435022819
C2_CURRENT4_CHRONOS50,2017-06,0.0043835837792447485,0.0038598978017234664,0.26070018764709857,0.0005214003752941972
C2_CURRENT4_CHRONOS50,2017-07,0.03761161346744624,0.03707519459425157,0.25848731174151157,0.0005169746234830231
C2_CURRENT4_CHRONOS50,2017-08,0.0036067072848626758,0.0031022477971205387,0.25132329431457223,0.0005026465886291445
C2_CURRENT4_CHRONOS50,2017-09,0.0170363650973131,0.017016975556888303,0.00953237322200877,1.906474644401754e-05
C2_CURRENT4_CHRONOS50,2017-10,0.04845212985494096,0.04790082796096384,0.26291228673176115,0.0005258245734635223
C2_CURRENT4_CHRONOS50,2017-11,0.014946871078720836,0.014429972296270632,0.2546432710811214,0.0005092865421622428
C2_CURRENT4_CHRONOS50,2017-12,0.01657389915637064,0.016554269562754742,0.009654779466725563,1.9309558933451125e-05
C2_CURRENT4_CHRONOS50,2018-01,0.0622125087322265,0.061677643143483785,0.25176957734234806,0.0005035391546846962
C2_CURRENT4_CHRONOS50,2018-02,-0.045078121397567394,-0.04509112822638417,0.006810415128149033,1.3620830256298067e-05
C2_CURRENT4_CHRONOS50,2018-03,0.006774189230938754,0.0062548793610290865,0.25790781858759254,0.0005158156371751851
C2_CURRENT4_CHRONOS50,2018-04,-0.0026521292231368454,-0.0026743656908577718,0.011147799264831879,2.2295598529663758e-05
C2_CURRENT4_CHRONOS50,2018-05,0.0029245194734568436,0.002401384098663195,0.26080495821770294,0.0005216099164354059
C2_CURRENT4_CHRONOS50,2018-06,-0.004825864004983416,-0.005832546842589492,0.5057822551828177,0.0010115645103656356
C2_CURRENT4_CHRONOS50,2018-07,0.015985933344849546,0.014969947411504814,0.5,0.001
C2_CURRENT4_CHRONOS50,2018-08,0.024261012965666184,0.023743800325459974,0.252480878242613,0.000504961756485226
C2_CURRENT4_CHRONOS50,2018-09,-0.013390872209322335,-0.013884176773217627,0.25,0.0005
C2_CURRENT4_CHRONOS50,2018-10,-0.10389311545786073,-0.1043509071783798,0.25543365887261144,0.0005108673177452228
C2_CURRENT4_CHRONOS50,2018-11,0.024137683891814365,0.023625615049867932,0.25,0.0005
C2_CURRENT4_CHRONOS50,2018-12,-0.09353202012640138,-0.09354607274335969,0.007751303559774492,1.5502607119548982e-05
C2_CURRENT4_CHRONOS50,2019-01,0.06444169416526258,0.06389945383377604,0.25470645055451535,0.0005094129011090307
C2_CURRENT4_CHRONOS50,2019-02,0.030408106253355438,0.02989290220022922,0.25,0.0005
C2_CURRENT4_CHRONOS50,2019-03,0.019805383820592493,0.019791898861667212,0.006611535465329152,1.3223070930658305e-05
C2_CURRENT4_CHRONOS50,2019-04,0.03189061088523215,0.031868876182118866,0.010531495724542275,2.106299144908455e-05
C2_CURRENT4_CHRONOS50,2019-05,-0.04012694464175748,-0.04060914287698081,0.2511781284679454,0.0005023562569358908
C2_CURRENT4_CHRONOS50,2019-06,0.043742652216459676,0.04317646352640203,0.2712300244007275,0.0005424600488014551
C2_CURRENT4_CHRONOS50,2019-07,0.014782269572919837,0.014737934044165568,0.021844847945816065,4.368969589163213e-05
C2_CURRENT4_CHRONOS50,2019-08,-0.003492831778603045,-0.004001054055860598,0.25500181707898906,0.0005100036341579782
C2_CURRENT4_CHRONOS50,2019-09,0.017397402919678617,0.017367804114666985,0.014546334071347741,2.9092668142695483e-05
C2_CURRENT4_CHRONOS50,2019-10,0.01922763305630193,0.018712947626442267,0.25248796891203723,0.0005049759378240744
C2_CURRENT4_CHRONOS50,2019-11,0.021990971089965283,0.021471981532690698,0.25391102854934255,0.0005078220570986852
C2_CURRENT4_CHRONOS50,2019-12,0.025893639581093364,0.025876390700634966,0.008406758650389493,1.6813517300778985e-05
C2_CURRENT4_CHRONOS50,2020-01,0.0029410120668857953,0.00292539440901729,0.007785930419077755,1.557186083815551e-05
C2_CURRENT4_CHRONOS50,2020-02,-0.014306435774489312,-0.015297326268660205,0.5026361793025089,0.0010052723586050178
C2_CURRENT4_CHRONOS50,2020-03,-0.03331395175191432,-0.03334739859445768,0.01729974411256216,3.459948822512432e-05
C2_CURRENT4_CHRONOS50,2020-04,0.13475316232496692,0.13405111240692125,0.3093403664136327,0.0006186807328272655
C2_CURRENT4_CHRONOS50,2020-05,0.0592374892345342,0.05870787048991688,0.25,0.0005
C2_CURRENT4_CHRONOS50,2020-06,0.03434065952027865,0.03380858765827277,0.2572033967284897,0.0005144067934569794
C2_CURRENT4_CHRONOS50,2020-07,0.05083175290140507,0.050294843995628113,0.2554685392283981,0.0005109370784567961
C2_CURRENT4_CHRONOS50,2020-08,0.04894933982858207,0.04840091197741625,0.2614177016670681,0.0005228354033341363
C2_CURRENT4_CHRONOS50,2020-09,-0.028321975523648013,-0.028832561701505277,0.26273424169103027,0.0005254684833820606
C2_CURRENT4_CHRONOS50,2020-10,-0.022971219042665747,-0.023488396226750474,0.26466834660593314,0.0005293366932118663
C2_CURRENT4_CHRONOS50,2020-11,0.08595659887389928,0.08540289305960269,0.2549392005494143,0.0005098784010988287
C2_CURRENT4_CHRONOS50,2020-12,0.07676415575282736,0.07622577367495031,0.2500000000000001,0.0005000000000000002
C2_CURRENT4_CHRONOS50,2021-01,0.016881641144742998,0.016840421975704567,0.020267436922119922,4.053487384423984e-05
C2_CURRENT4_CHRONOS50,2021-02,0.021875534333900104,0.021855449585411524,0.009827394733252934,1.965478946650587e-05
C2_CURRENT4_CHRONOS50,2021-03,0.02624325794620641,0.02571972180122506,0.2550740971635115,0.000510148194327023
C2_CURRENT4_CHRONOS50,2021-04,0.03631592953312213,0.035783961221578675,0.25666319332905996,0.00051332638665812
C2_CURRENT4_CHRONOS50,2021-05,0.010656689635636374,0.010138992539240332,0.2561191657392785,0.000512238331478557
C2_CURRENT4_CHRONOS50,2021-06,0.0293783207053393,0.028849358731528385,0.2569327346279693,0.0005138654692559385
C2_CURRENT4_CHRONOS50,2021-07,0.004565857394971173,0.004058505880595087,0.2525227742120529,0.0005050455484241058
C2_CURRENT4_CHRONOS50,2021-08,0.019355108763625672,0.019330628634451452,0.012007655116338209,2.4015310232676418e-05
C2_CURRENT4_CHRONOS50,2021-09,-0.025995884308425032,-0.026499689180025876,0.25862563796436644,0.0005172512759287329
C2_CURRENT4_CHRONOS50,2021-10,0.06302259081581263,0.06246815827516716,0.2607811656288216,0.0005215623312576432
C2_CURRENT4_CHRONOS50,2021-11,-0.01915374485909438,-0.01964809078361851,0.25199970022494733,0.0005039994004498947
C2_CURRENT4_CHRONOS50,2021-12,0.04790270212451997,0.04737846119017375,0.25013817279202205,0.0005002763455840441
C2_CURRENT4_CHRONOS50,2022-01,-0.03443979569752875,-0.03493691315085379,0.2574243693504931,0.0005148487387009863
C2_CURRENT4_CHRONOS50,2022-02,-0.011079425632018691,-0.011138323724126153,0.02977898004852078,5.955796009704156e-05
C2_CURRENT4_CHRONOS50,2022-03,0.04606186942970791,0.045497908909643,0.26956365419010253,0.0005391273083802051
C2_CURRENT4_CHRONOS50,2022-04,-0.03515613693264186,-0.035183899340164304,0.014386994924860438,2.8773989849720877e-05
C2_CURRENT4_CHRONOS50,2022-05,-0.007650643004851743,-0.00818703458228276,0.2702634781036506,0.0005405269562073012
C2_CURRENT4_CHRONOS50,2022-06,-0.061704253313956126,-0.06217719916179698,0.25202386854645376,0.0005040477370929075
C2_CURRENT4_CHRONOS50,2022-07,0.06870902455316696,0.06816790669102835,0.2531642616025992,0.0005063285232051984
C2_CURRENT4_CHRONOS50,2022-08,-0.03551259694602005,-0.03599488503512893,0.25002301096994484,0.0005000460219398897
C2_CURRENT4_CHRONOS50,2022-09,-0.10828141942936431,-0.10873889084676269,0.2565110940637746,0.0005130221881275492
C2_CURRENT4_CHRONOS50,2022-10,0.06697974888854685,0.06696062824676763,0.00896017089307978,1.792034178615956e-05
C2_CURRENT4_CHRONOS50,2022-11,0.04351873380707105,0.042969115065920827,0.2633487657406254,0.0005266975314812507
C2_CURRENT4_CHRONOS50,2022-12,-0.04399346108267754,-0.04497268902382667,0.5121450017791604,0.001024290003558321
C2_CURRENT4_CHRONOS50,2023-01,0.08455578566501876,0.08345280411464318,0.5084946136262194,0.001016989227252439
C2_CURRENT4_CHRONOS50,2023-02,-0.02748503655589074,-0.028005379327673663,0.26752430108637726,0.0005350486021727546
C2_CURRENT4_CHRONOS50,2023-03,0.001957088133902829,0.0014561095898355525,0.24999999999999997,0.0004999999999999999
C2_CURRENT4_CHRONOS50,2023-04,0.012840505766536392,0.012305778773257892,0.26397393776900674,0.0005279478755380135
C2_CURRENT4_CHRONOS50,2023-05,0.008797682886946712,0.008786311096752986,0.005636308641099444,1.1272617282198889e-05
C2_CURRENT4_CHRONOS50,2023-06,0.044305053754801316,0.043756389633593296,0.26269341474292196,0.0005253868294858439
C2_CURRENT4_CHRONOS50,2023-07,0.044909077523060725,0.04438150259120577,0.25245016203030257,0.0005049003240606051
C2_CURRENT4_CHRONOS50,2023-08,-0.04235816616160948,-0.042839002478714416,0.2510522724230055,0.0005021045448460109
C2_CURRENT4_CHRONOS50,2023-09,-0.04537742914731868,-0.04585669254299274,0.2510224513368977,0.0005020449026737954
C2_CURRENT4_CHRONOS50,2023-10,-0.03413871829771198,-0.0346356447675813,0.25724525834273954,0.0005144905166854791
C2_CURRENT4_CHRONOS50,2023-11,0.09542899436124608,0.09378585086970515,0.7499999999999999,0.0014999999999999998
C2_CURRENT4_CHRONOS50,2023-12,0.0501317312974463,0.04907919122303972,0.5011466861902691,0.0010022933723805383
C2_CURRENT4_CHRONOS50,2024-01,0.003627357522154595,0.0026231682633626185,0.5002799352098772,0.0010005598704197545
C2_CURRENT4_CHRONOS50,2024-02,0.04776213259162376,0.04773985326923258,0.010631860847949273,2.1263721695898548e-05
C2_CURRENT4_CHRONOS50,2024-03,0.02856012352912063,0.028551655775691076,0.004116314270881827,8.232628541763653e-06
C2_CURRENT4_CHRONOS50,2024-04,-0.052525599327799655,-0.053005838867929755,0.25343140658428487,0.0005068628131685698
C2_CURRENT4_CHRONOS50,2024-05,0.026956020688778892,0.02644093538248149,0.2507825534497073,0.0005015651068994146
C2_CURRENT4_CHRONOS50,2024-06,0.024574770093045206,0.023550195322951772,0.49999999999999994,0.0009999999999999998
C2_CURRENT4_CHRONOS50,2024-07,0.01607322508222686,0.015546995398876717,0.2589526376448953,0.0005179052752897906
C2_CURRENT4_CHRONOS50,2024-08,0.017578398912889037,0.017045475813403543,0.2618584966303351,0.0005237169932606702
C2_CURRENT4_CHRONOS50,2024-09,0.03275357446465055,0.03274318750819494,0.0050287680975120985,1.0057536195024198e-05
C2_CURRENT4_CHRONOS50,2024-10,-0.0021412643750630123,-0.0021533377288248667,0.006049630739543857,1.2099261479087715e-05
C2_CURRENT4_CHRONOS50,2024-11,0.031129848766263235,0.03110938458376955,0.009923184028880358,1.9846368057760718e-05
C2_CURRENT4_CHRONOS50,2024-12,-0.032677177520283096,-0.03319142874170633,0.26581158299613294,0.0005316231659922659
C2_CURRENT4_CHRONOS50,2025-01,0.035682798465778376,0.03516469439058678,0.25012681293876127,0.0005002536258775225
C2_CURRENT4_CHRONOS50,2025-02,0.003861238776251108,0.0038470909508723228,0.007046703683788291,1.4093407367576584e-05
C2_CURRENT4_CHRONOS50,2025-03,-0.01613877020688681,-0.016171746318993763,0.016758517923324542,3.3517035846649086e-05
C2_CURRENT4_CHRONOS50,2025-04,0.00866680808637943,0.00862253628156573,0.021945703208977096,4.389140641795419e-05
C2_CURRENT4_CHRONOS50,2025-05,0.05026967923303949,0.04973866103489755,0.2528008799273671,0.0005056017598547342
C2_CURRENT4_CHRONOS50,2025-06,0.03205718432041671,0.03153466571412866,0.2531442124658468,0.0005062884249316936
C2_CURRENT4_CHRONOS50,2025-07,0.010443898882196434,0.010421146163960948,0.011258773624225366,2.2517547248450733e-05
C2_CURRENT4_CHRONOS50,2025-08,0.024714870629841013,0.02420251319452671,0.24999999999999997,0.0004999999999999999
C2_CURRENT4_CHRONOS50,2025-09,0.07879295889014726,0.07878106029578436,0.0055147719795005795,1.102954395900116e-05
C2_CURRENT4_CHRONOS50,2025-10,0.07530628712901422,0.0747489473500158,0.2591539664879753,0.0005183079329759506
C2_CURRENT4_CHRONOS50,2025-11,-0.003685007167309573,-0.004230779877952728,0.2738956628021056,0.0005477913256042112
C2_CURRENT4_CHRONOS50,2025-12,0.027571039534084685,0.027524795063626817,0.022501836212860615,4.5003672425721233e-05
C2_CURRENT4_CHRONOS50,2026-01,0.10164981944239249,0.10159230065517044,0.026105748944867835,5.221149788973567e-05
C2_CURRENT4_CHRONOS50,2026-02,0.07335397001930088,0.07329929528951684,0.02546910493239092,5.093820986478184e-05
C2_CURRENT4_CHRONOS50,2026-03,-0.10008026336499287,-0.10016536743225357,0.04728425424871381,9.456850849742763e-05
C2_CURRENT4_CHRONOS50,2026-04,0.13444259682541992,0.13382269856346274,0.27321711283223993,0.0005464342256644799
C2_CURRENT4_CHRONOS50,2026-05,0.07937050007858804,0.07927495410044161,0.04426004700864908,8.852009401729816e-05
C2_CURRENT4_CHRONOS50,2026-06,-0.01734431612400822,-0.017891368400317798,0.2783539978886269,0.0005567079957772539
C2_CURRENT4_CHRONOS50,2026-07,-0.08120288488915017,-0.08172523765637008,0.2842590375116522,0.0005685180750233045
C2_CURRENT4_CHRONOS50,2026-08,0.009968545603482593,0.009968545603482593,0.0,0.0
RIDGE_STANDALONE,2017-05,0.04059847383879056,0.04058617526289732,0.005909376287750706,1.1818752575501413e-05
RIDGE_STANDALONE,2017-06,-0.0019309733285250985,-0.0019517184075656946,0.010392607368073584,2.0785214736147167e-05
RIDGE_STANDALONE,2017-07,0.02071827461088782,0.020703197248659766,0.0073856629212607355,1.477132584252147e-05
RIDGE_STANDALONE,2017-08,0.010014756067127761,0.009998671423423033,0.007962578570035267,1.5925157140070535e-05
RIDGE_STANDALONE,2017-09,0.0005341602614605812,0.0005200698141660798,0.007041462377773658,1.4082924755547317e-05
RIDGE_STANDALONE,2017-10,0.03737941294408298,0.036858672713041996,0.25098831948240047,0.000501976638964801
RIDGE_STANDALONE,2017-11,0.017272640551802443,0.016753341509251785,0.25524083802603165,0.0005104816760520633
RIDGE_STANDALONE,2017-12,0.01814071413154217,0.018127385065495494,0.006545787758980709,1.3091575517961418e-05
RIDGE_STANDALONE,2018-01,0.05433351912031781,0.05432730377635231,0.002947522701572919,5.895045403145838e-06
RIDGE_STANDALONE,2018-02,-0.03936743578307522,-0.03938032221210619,0.006707262230806449,1.3414524461612898e-05
RIDGE_STANDALONE,2018-03,-0.0014702584277296316,-0.0019856921918938175,0.2580963504165299,0.0005161927008330598
RIDGE_STANDALONE,2018-04,0.0056421714970207315,0.005613612824339587,0.014199221895231762,2.8398443790463523e-05
RIDGE_STANDALONE,2018-05,0.024068231560931075,0.024057338091910907,0.005318722271012752,1.0637444542025503e-05
RIDGE_STANDALONE,2018-06,-0.009522976249511927,-0.009550513635394053,0.013901072524606345,2.780214504921269e-05
RIDGE_STANDALONE,2018-07,0.01909978695373926,0.019060276087680794,0.019385180217095496,3.8770360434190994e-05
RIDGE_STANDALONE,2018-08,0.033373873854732894,0.03336364591079044,0.0049488109779117495,9.8976219558235e-06
RIDGE_STANDALONE,2018-09,-0.0014610190254643607,-0.001475926743039313,0.00746476495094342,1.4929529901886841e-05
RIDGE_STANDALONE,2018-10,-0.10287952552056834,-0.10289387118940696,0.007995397077158448,1.5990794154316897e-05
RIDGE_STANDALONE,2018-11,0.018250294272405654,0.018228431093244124,0.010735660615450435,2.147132123090087e-05
RIDGE_STANDALONE,2018-12,-0.07768355582429332,-0.07769773855178752,0.0076886450323800926,1.5377290064760184e-05
RIDGE_STANDALONE,2019-01,0.09551901786615224,0.09549551592914862,0.01072639389184564,2.145278778369128e-05
RIDGE_STANDALONE,2019-02,0.029129926567249553,0.028603587320911394,0.25572050367516186,0.0005114410073503238
RIDGE_STANDALONE,2019-03,3.1997102689862444e-05,-0.00046801889586089995,0.25,0.0005
RIDGE_STANDALONE,2019-04,0.034643570329320195,0.03461711177568172,0.012786313276304362,2.5572626552608724e-05
RIDGE_STANDALONE,2019-05,-0.08014159104477625,-0.08015615055676817,0.007913996246558544,1.582799249311709e-05
RIDGE_STANDALONE,2019-06,0.07335012805213648,0.07333544107736523,0.006841651380883759,1.368330276176752e-05
RIDGE_STANDALONE,2019-07,0.0077054638815121645,0.007196987280793765,0.25229425608121037,0.0005045885121624207
RIDGE_STANDALONE,2019-08,-0.0345184138520479,-0.0350011546451221,0.25,0.0005
RIDGE_STANDALONE,2019-09,0.026702026056533823,0.02669105351348211,0.005343586928338501,1.0687173856677001e-05
RIDGE_STANDALONE,2019-10,0.018541399046281715,0.018016128593936198,0.25785424767056686,0.0005157084953411337
RIDGE_STANDALONE,2019-11,0.028466954657031307,0.02843936194434371,0.013414486757585345,2.682897351517069e-05
RIDGE_STANDALONE,2019-12,0.029779406121683616,0.029264516418622488,0.24999999999999994,0.0004999999999999999
RIDGE_STANDALONE,2020-01,-0.02043452464863138,-0.020930273964018364,0.2530455226636246,0.0005060910453272493
RIDGE_STANDALONE,2020-02,-0.07628363374579838,-0.0767454919289261,0.25,0.0005
RIDGE_STANDALONE,2020-03,-0.09913152547341442,-0.09959344647481616,0.2563753835678203,0.0005127507671356406
RIDGE_STANDALONE,2020-04,0.15216315180936646,0.15092171135542798,0.5387433420296373,0.0010774866840592746
RIDGE_STANDALONE,2020-05,0.04706639041855243,0.046531460330413,0.2554422971810283,0.0005108845943620566
RIDGE_STANDALONE,2020-06,0.03452107556109407,0.03399559580289102,0.2539724760644045,0.0005079449521288089
RIDGE_STANDALONE,2020-07,0.05766922974532385,0.056602806828624175,0.504138196852306,0.0010082763937046119
RIDGE_STANDALONE,2020-08,0.05074674415132785,0.05021515141942601,0.25295949516868477,0.0005059189903373696
RIDGE_STANDALONE,2020-09,-0.013722277470347377,-0.014215416331612163,0.24999999999999994,0.0004999999999999999
RIDGE_STANDALONE,2020-10,-0.0143640398599173,-0.015856039799883703,0.7568717053273194,0.0015137434106546389
RIDGE_STANDALONE,2020-11,0.058926808103692885,0.05838888888787985,0.25399263277495454,0.0005079852655499091
RIDGE_STANDALONE,2020-12,0.042461097463835085,0.04141863636637111,0.5,0.001
RIDGE_STANDALONE,2021-01,0.0037885310279548445,0.0032817821399628855,0.25241815000274803,0.0005048363000054961
RIDGE_STANDALONE,2021-02,0.014898082986697814,0.014382189142717605,0.25416041897643155,0.0005083208379528631
RIDGE_STANDALONE,2021-03,0.02624325794620641,0.02571972180122506,0.2550740971635115,0.000510148194327023
RIDGE_STANDALONE,2021-04,0.042440547540486984,0.04190543530091162,0.25666319332905996,0.00051332638665812
RIDGE_STANDALONE,2021-05,0.018698500113462524,0.018189150863406,0.25,0.0005
RIDGE_STANDALONE,2021-06,0.005141153928179598,0.004622255615221782,0.2581221109742571,0.0005162442219485142
RIDGE_STANDALONE,2021-07,0.010553632567696036,0.010515042098715899,0.019093726317893994,3.818745263578799e-05
RIDGE_STANDALONE,2021-08,0.02335362313937317,0.02332638796159836,0.013306826280957001,2.6613652561914004e-05
RIDGE_STANDALONE,2021-09,-0.04071566269160942,-0.04119530486026357,0.25000000000000006,0.0005000000000000001
RIDGE_STANDALONE,2021-10,0.04684258183708523,0.04630669435717372,0.2559541850937544,0.0005119083701875088
RIDGE_STANDALONE,2021-11,-0.013062914326692043,-0.013556382869527761,0.25,0.0005
RIDGE_STANDALONE,2021-12,0.04444972109184597,0.04442015805650246,0.014152445419958457,2.8304890839916915e-05
RIDGE_STANDALONE,2022-01,-0.03757250926763789,-0.03854922759269919,0.5074243693504932,0.0010148487387009863
RIDGE_STANDALONE,2022-02,-0.027150750599557294,-0.028155195341509454,0.5162386374719484,0.0010324772749438968
RIDGE_STANDALONE,2022-03,0.04410357112849894,0.04356489235872796,0.2579623251304676,0.0005159246502609351
RIDGE_STANDALONE,2022-04,-0.05221233479179521,-0.05222270140661056,0.005468848770808249,1.0937697541616497e-05
RIDGE_STANDALONE,2022-05,4.673628816553865e-05,-0.0005031412048325246,0.2749258974831027,0.0005498517949662055
RIDGE_STANDALONE,2022-06,-0.0795463939515747,-0.08002338962287958,0.2591090241650895,0.000518218048330179
RIDGE_STANDALONE,2022-07,0.10048432370903648,0.09992839887408778,0.25258189643036677,0.0005051637928607335
RIDGE_STANDALONE,2022-08,-0.043049767914096426,-0.04306599423653401,0.008478143321114157,1.6956286642228313e-05
RIDGE_STANDALONE,2022-09,-0.10578324682425855,-0.10579159549616446,0.004668147782173962,9.336295564347924e-06
RIDGE_STANDALONE,2022-10,0.08076104276455465,0.08020212809289862,0.2585745828821471,0.0005171491657642942
RIDGE_STANDALONE,2022-11,0.0701853613014074,0.06962309648240517,0.26269506168487256,0.0005253901233697451
RIDGE_STANDALONE,2022-12,-0.04772389998398563,-0.047753280864060055,0.015426660436944739,3.085332087388948e-05
RIDGE_STANDALONE,2023-01,0.11147075492621417,0.10979222482825013,0.7550941356416476,0.0015101882712832953
RIDGE_STANDALONE,2023-02,-0.04636546277040343,-0.04686234173402104,0.26051854469360536,0.0005210370893872108
RIDGE_STANDALONE,2023-03,0.02027830680383902,0.019752598813745692,0.2576297009295236,0.0005152594018590471
RIDGE_STANDALONE,2023-04,0.0034307029089692964,0.002898318114628262,0.26528229243845824,0.0005305645848769165
RIDGE_STANDALONE,2023-05,-0.0021905218412431315,-0.0027027973871484035,0.25670008008465284,0.0005134001601693057
RIDGE_STANDALONE,2023-06,0.05544817459674567,0.05491488087824603,0.2526385147731105,0.000505277029546221
RIDGE_STANDALONE,2023-07,0.049382967981254744,0.049366442842053715,0.007873740905516291,1.5747481811032583e-05
RIDGE_STANDALONE,2023-08,-0.04960686520091817,-0.050084822826082065,0.2514525871785247,0.0005029051743570494
RIDGE_STANDALONE,2023-09,-0.05097724903914591,-0.05146425694130974,0.25658389204601284,0.0005131677840920257
RIDGE_STANDALONE,2023-10,-0.04483709180843487,-0.04485428574407602,0.009000525194928416,1.8001050389856834e-05
RIDGE_STANDALONE,2023-11,0.10957990665920625,0.109561561483557,0.008266721278399239,1.6533442556798478e-05
RIDGE_STANDALONE,2023-12,0.06437663809975858,0.06382889210914833,0.2573083488514001,0.0005146166977028001
RIDGE_STANDALONE,2024-01,-0.024190633895465607,-0.024686352748473972,0.25400394289466854,0.000508007885789337
RIDGE_STANDALONE,2024-02,0.05947406094280039,0.05943270169787196,0.01951876239980431,3.903752479960862e-05
RIDGE_STANDALONE,2024-03,0.025201434382651433,0.024685514950559373,0.2516185672345088,0.0005032371344690176
RIDGE_STANDALONE,2024-04,-0.058071719555058965,-0.05808230446361162,0.005618744427133379,1.1237488854266759e-05
RIDGE_STANDALONE,2024-05,0.03714388518142919,0.03662323879153373,0.25100007691060505,0.0005020001538212102
RIDGE_STANDALONE,2024-06,0.037574102014747535,0.03755280628973234,0.010262267038725792,2.0524534077451584e-05
RIDGE_STANDALONE,2024-07,0.04758912252231107,0.04704128652836648,0.26147464791657893,0.0005229492958331579
RIDGE_STANDALONE,2024-08,0.007845094281055953,0.00728558650339961,0.2775762767669517,0.0005551525535339033
RIDGE_STANDALONE,2024-09,0.007723398802967685,0.007706123242141816,0.00857157869220318,1.714315738440636e-05
RIDGE_STANDALONE,2024-10,-0.023747163686871464,-0.023758616755269024,0.005865831049021192,1.1731662098042384e-05
RIDGE_STANDALONE,2024-11,0.045586918621900674,0.045562466059599016,0.011693223139510905,2.338644627902181e-05
RIDGE_STANDALONE,2024-12,-0.03001674040578084,-0.03050173203557871,0.25,0.0005
RIDGE_STANDALONE,2025-01,0.03531938866347151,0.0352899336564243,0.014225082312565696,2.845016462513139e-05
RIDGE_STANDALONE,2025-02,-0.011921753523862377,-0.012431112572102276,0.25775238451847193,0.0005155047690369439
RIDGE_STANDALONE,2025-03,-0.02899579632681548,-0.029513987281119536,0.2668324979148567,0.0005336649958297134
RIDGE_STANDALONE,2025-04,-0.011363535510680478,-0.011902914945633114,0.2727895714585738,0.0005455791429171477
RIDGE_STANDALONE,2025-05,0.054519089636618334,0.05450491998468454,0.006718537422807397,1.3437074845614793e-05
RIDGE_STANDALONE,2025-06,0.03744857444191885,0.03692870509436896,0.2505518636571224,0.0005011037273142448
RIDGE_STANDALONE,2025-07,0.014454338267436029,0.014430556993687338,0.011721214475287428,2.3442428950574855e-05
RIDGE_STANDALONE,2025-08,0.02013840844654413,0.019628339242320436,0.25,0.0005
RIDGE_STANDALONE,2025-09,0.07879295889014726,0.07878106029578436,0.0055147719795005795,1.102954395900116e-05
RIDGE_STANDALONE,2025-10,0.03958800943781804,0.03904012683546476,0.2635094851897031,0.0005270189703794061
RIDGE_STANDALONE,2025-11,0.005624168458433276,0.0056175308729458084,0.0033002316845992807,6.600463369198562e-06
RIDGE_STANDALONE,2025-12,0.028049000434201554,0.027519487426578282,0.2575329616583537,0.0005150659233167075
RIDGE_STANDALONE,2026-01,0.06443755977167887,0.06384976511238749,0.27610574894486783,0.0005522114978897357
RIDGE_STANDALONE,2026-02,0.028847600479334767,0.0288260293097109,0.010483170497444988,2.0966340994889977e-05
RIDGE_STANDALONE,2026-03,-0.09729860435536031,-0.09779929817058464,0.277330808194193,0.000554661616388386
RIDGE_STANDALONE,2026-04,0.13759310594015406,0.13754028268515772,0.023217112832239956,4.643422566447991e-05
RIDGE_STANDALONE,2026-05,0.09861564327763617,0.09805361263293721,0.2557903886307072,0.0005115807772614144
RIDGE_STANDALONE,2026-06,-0.02798531640378643,-0.02850543819941076,0.2675483222640041,0.0005350966445280082
RIDGE_STANDALONE,2026-07,-0.07168053779105521,-0.07173192787694671,0.02767909538888401,5.535819077776802e-05
RIDGE_STANDALONE,2026-08,0.012713948573702893,0.012713948573702893,0.0,0.0
ELASTICNET_STANDALONE,2017-05,0.03859272019993276,0.038065281068883294,0.2539200982209602,0.0005078401964419204
ELASTICNET_STANDALONE,2017-06,-0.007798353454270823,-0.00831507740182913,0.26039260736807357,0.0005207852147361471
ELASTICNET_STANDALONE,2017-07,0.01660179982223875,0.01608340864411928,0.2549627485462862,0.0005099254970925724
ELASTICNET_STANDALONE,2017-08,0.0014822898457733658,0.000977827185754121,0.2518580034485697,0.0005037160068971394
ELASTICNET_STANDALONE,2017-09,0.006143422818064348,0.006131983791118456,0.005684590629244493,1.1369181258488986e-05
ELASTICNET_STANDALONE,2017-10,0.04981055691070546,0.04928208393286071,0.2516992110457298,0.0005033984220914596
ELASTICNET_STANDALONE,2017-11,0.018257494281831432,0.017741636484135848,0.2533041988854079,0.0005066083977708158
ELASTICNET_STANDALONE,2017-12,0.01408081379153292,0.014066932263775866,0.006844389307305437,1.3688778614610876e-05
ELASTICNET_STANDALONE,2018-01,0.04662614639890861,0.0466171647810083,0.00429074790979353,8.58149581958706e-06
ELASTICNET_STANDALONE,2018-02,-0.03991580146530094,-0.03992939042796706,0.0070769640241408055,1.4153928048281612e-05
ELASTICNET_STANDALONE,2018-03,0.0015188979726030727,0.0010033309291177517,0.257392568691797,0.000514785137383594
ELASTICNET_STANDALONE,2018-04,0.0056421714970207315,0.005613612824339587,0.014199221895231762,2.8398443790463523e-05
ELASTICNET_STANDALONE,2018-05,0.024068231560931075,0.024057338091910907,0.005318722271012752,1.0637444542025503e-05
ELASTICNET_STANDALONE,2018-06,-0.009522976249511927,-0.009550513635394053,0.013901072524606345,2.780214504921269e-05
ELASTICNET_STANDALONE,2018-07,0.01909978695373926,0.019060276087680794,0.019385180217095496,3.8770360434190994e-05
ELASTICNET_STANDALONE,2018-08,0.033373873854732894,0.03336364591079044,0.0049488109779117495,9.8976219558235e-06
ELASTICNET_STANDALONE,2018-09,-0.0014610190254643607,-0.001475926743039313,0.00746476495094342,1.4929529901886841e-05
ELASTICNET_STANDALONE,2018-10,-0.10287952552056834,-0.10289387118940696,0.007995397077158448,1.5990794154316897e-05
ELASTICNET_STANDALONE,2018-11,0.018250294272405654,0.018228431093244124,0.010735660615450435,2.147132123090087e-05
ELASTICNET_STANDALONE,2018-12,-0.07768355582429332,-0.07769773855178752,0.0076886450323800926,1.5377290064760184e-05
ELASTICNET_STANDALONE,2019-01,0.09551901786615224,0.09549551592914862,0.01072639389184564,2.145278778369128e-05
ELASTICNET_STANDALONE,2019-02,0.029129926567249553,0.028603587320911394,0.25572050367516186,0.0005114410073503238
ELASTICNET_STANDALONE,2019-03,3.1997102689862444e-05,-0.00046801889586089995,0.25,0.0005
ELASTICNET_STANDALONE,2019-04,0.034643570329320195,0.03461711177568172,0.012786313276304362,2.5572626552608724e-05
ELASTICNET_STANDALONE,2019-05,-0.08014159104477625,-0.08015615055676817,0.007913996246558544,1.582799249311709e-05
ELASTICNET_STANDALONE,2019-06,0.07335012805213648,0.07333544107736523,0.006841651380883759,1.368330276176752e-05
ELASTICNET_STANDALONE,2019-07,0.006496937116710955,0.0054858218561573135,0.5022942560812104,0.0010045885121624208
ELASTICNET_STANDALONE,2019-08,-0.028425723903256928,-0.029399587118965065,0.5011779540007928,0.0010023559080015855
ELASTICNET_STANDALONE,2019-09,0.004472793337886305,0.0039600599537317205,0.2552251228481184,0.0005104502456962368
ELASTICNET_STANDALONE,2019-10,0.020466396335835357,0.020451826801407558,0.007138664477308446,1.4277328954616892e-05
ELASTICNET_STANDALONE,2019-11,0.028466954657031307,0.02843936194434371,0.013414486757585345,2.682897351517069e-05
ELASTICNET_STANDALONE,2019-12,0.01593047087212307,0.01591853186543113,0.005875897531675847,1.1751795063351694e-05
ELASTICNET_STANDALONE,2020-01,0.018838461770462223,0.01881672988467331,0.01066503013227238,2.133006026454476e-05
ELASTICNET_STANDALONE,2020-02,-0.05716814768119105,-0.05766643265149396,0.2642491177390537,0.0005284982354781074
ELASTICNET_STANDALONE,2020-03,-0.08285351179086664,-0.083334589498402,0.26226873990159927,0.0005245374798031985
ELASTICNET_STANDALONE,2020-04,0.1549557191082147,0.1536884562787204,0.5486196607057718,0.0010972393214115437
ELASTICNET_STANDALONE,2020-05,0.04706639041855243,0.046531460330413,0.2554422971810283,0.0005108845943620566
ELASTICNET_STANDALONE,2020-06,0.03452107556109407,0.03399559580289102,0.2539724760644045,0.0005079449521288089
ELASTICNET_STANDALONE,2020-07,0.05766922974532385,0.056602806828624175,0.504138196852306,0.0010082763937046119
ELASTICNET_STANDALONE,2020-08,0.0659840156910203,0.06544558883492169,0.25254921657955764,0.0005050984331591153
ELASTICNET_STANDALONE,2020-09,-0.012970726697730695,-0.01396416268073597,0.5032454507055455,0.001006490901411091
ELASTICNET_STANDALONE,2020-10,-0.0143640398599173,-0.015856039799883703,0.7568717053273194,0.0015137434106546389
ELASTICNET_STANDALONE,2020-11,0.058926808103692885,0.05838888888787985,0.25399263277495454,0.0005079852655499091
ELASTICNET_STANDALONE,2020-12,0.042461097463835085,0.04141863636637111,0.5,0.001
ELASTICNET_STANDALONE,2021-01,0.005815709003408109,0.005307936722387607,0.25241815000274803,0.0005048363000054961
ELASTICNET_STANDALONE,2021-02,0.0154153631575491,0.014390238630399121,0.5047808829493637,0.0010095617658987274
ELASTICNET_STANDALONE,2021-03,0.02624325794620641,0.02571972180122506,0.2550740971635115,0.000510148194327023
ELASTICNET_STANDALONE,2021-04,0.042440547540486984,0.04190543530091162,0.25666319332905996,0.00051332638665812
ELASTICNET_STANDALONE,2021-05,0.025632147727648213,0.02511933165378477,0.25,0.0005
ELASTICNET_STANDALONE,2021-06,0.009697155782039113,0.009164738726735733,0.2636518545457368,0.0005273037090914736
ELASTICNET_STANDALONE,2021-07,0.010553632567696036,0.010515042098715899,0.019093726317893994,3.818745263578799e-05
ELASTICNET_STANDALONE,2021-08,0.02335362313937317,0.02332638796159836,0.013306826280957001,2.6613652561914004e-05
ELASTICNET_STANDALONE,2021-09,-0.05308599347359877,-0.05355945047686239,0.25000000000000006,0.0005000000000000001
ELASTICNET_STANDALONE,2021-10,0.04421990808466214,0.0441982443744926,0.010373155119008395,2.0746310238016792e-05
ELASTICNET_STANDALONE,2021-11,-0.013062914326692043,-0.013556382869527761,0.25,0.0005
ELASTICNET_STANDALONE,2021-12,0.04444972109184597,0.04442015805650246,0.014152445419958457,2.8304890839916915e-05
ELASTICNET_STANDALONE,2022-01,-0.015459750267199146,-0.016458909697840918,0.5074243693504932,0.0010148487387009863
ELASTICNET_STANDALONE,2022-02,-0.010106993438486866,-0.01065734993947065,0.2779878720909207,0.0005559757441818414
ELASTICNET_STANDALONE,2022-03,0.060837679644538234,0.0607756279085081,0.029246574297405042,5.8493148594810085e-05
ELASTICNET_STANDALONE,2022-04,-0.05221233479179521,-0.05222270140661056,0.005468848770808249,1.0937697541616497e-05
ELASTICNET_STANDALONE,2022-05,4.673628816553865e-05,-0.0005031412048325246,0.2749258974831027,0.0005498517949662055
ELASTICNET_STANDALONE,2022-06,-0.0795463939515747,-0.08002338962287958,0.2591090241650895,0.000518218048330179
ELASTICNET_STANDALONE,2022-07,0.10048432370903648,0.09992839887408778,0.25258189643036677,0.0005051637928607335
ELASTICNET_STANDALONE,2022-08,-0.043049767914096426,-0.04306599423653401,0.008478143321114157,1.6956286642228313e-05
ELASTICNET_STANDALONE,2022-09,-0.10578324682425855,-0.10579159549616446,0.004668147782173962,9.336295564347924e-06
ELASTICNET_STANDALONE,2022-10,0.06697974888854685,0.06696062824676763,0.00896017089307978,1.792034178615956e-05
ELASTICNET_STANDALONE,2022-11,0.06282526191566462,0.062282415921646184,0.25537875955231265,0.0005107575191046253
ELASTICNET_STANDALONE,2022-12,-0.04772389998398563,-0.047753280864060055,0.015426660436944739,3.085332087388948e-05
ELASTICNET_STANDALONE,2023-01,0.10777666863529034,0.10665059660462606,0.5082576942390375,0.0010165153884780752
ELASTICNET_STANDALONE,2023-02,-0.03460956562003226,-0.035116233880503556,0.2624162423966255,0.0005248324847932509
ELASTICNET_STANDALONE,2023-03,0.007538780568970838,0.007015390387562492,0.2597369905266975,0.0005194739810533951
ELASTICNET_STANDALONE,2023-04,-0.0005662312571741435,-0.001590237040367093,0.5122929678876519,0.0010245859357753038
ELASTICNET_STANDALONE,2023-05,-0.0021905218412431315,-0.0027027973871484035,0.25670008008465284,0.0005134001601693057
ELASTICNET_STANDALONE,2023-06,0.05678089617081383,0.056246929058716866,0.2526385147731105,0.000505277029546221
ELASTICNET_STANDALONE,2023-07,0.05134431776208581,0.05080049893323313,0.2586302221188028,0.0005172604442376056
ELASTICNET_STANDALONE,2023-08,-0.035653928192521556,-0.03613890282190457,0.2514525871785247,0.0005029051743570494
ELASTICNET_STANDALONE,2023-09,-0.050921856619874584,-0.05142057840210035,0.262740105071625,0.00052548021014325
ELASTICNET_STANDALONE,2023-10,-0.04483709180843487,-0.04485428574407602,0.009000525194928416,1.8001050389856834e-05
ELASTICNET_STANDALONE,2023-11,0.10957990665920625,0.109561561483557,0.008266721278399239,1.6533442556798478e-05
ELASTICNET_STANDALONE,2023-12,0.07213017843516445,0.0721145074324483,0.00730834885140004,1.461669770280008e-05
ELASTICNET_STANDALONE,2024-01,-0.024293106207960657,-0.024308326187952645,0.007799463183509006,1.5598926367018012e-05
ELASTICNET_STANDALONE,2024-02,0.05947406094280039,0.05943270169787196,0.01951876239980431,3.903752479960862e-05
ELASTICNET_STANDALONE,2024-03,0.03179856899897282,0.03179522892825992,0.0016185672345088026,3.237134469017605e-06
ELASTICNET_STANDALONE,2024-04,-0.05593158509183149,-0.05641124993364588,0.2540413566645313,0.0005080827133290627
ELASTICNET_STANDALONE,2024-05,0.052020464062423555,0.05201306571636266,0.003516255773102439,7.032511546204878e-06
ELASTICNET_STANDALONE,2024-06,0.03292876855628868,0.03240668853830719,0.25271830637021664,0.0005054366127404333
ELASTICNET_STANDALONE,2024-07,0.04758912252231107,0.04704128652836648,0.26147464791657893,0.0005229492958331579
ELASTICNET_STANDALONE,2024-08,0.007845094281055953,0.00728558650339961,0.2775762767669517,0.0005551525535339033
ELASTICNET_STANDALONE,2024-09,0.007723398802967685,0.007706123242141816,0.00857157869220318,1.714315738440636e-05
ELASTICNET_STANDALONE,2024-10,-0.023747163686871464,-0.023758616755269024,0.005865831049021192,1.1731662098042384e-05
ELASTICNET_STANDALONE,2024-11,0.045586918621900674,0.045562466059599016,0.011693223139510905,2.338644627902181e-05
ELASTICNET_STANDALONE,2024-12,-0.03001674040578084,-0.03050173203557871,0.25,0.0005
ELASTICNET_STANDALONE,2025-01,0.02831565934084912,0.02777224576138404,0.2642250823125657,0.0005284501646251314
ELASTICNET_STANDALONE,2025-02,-0.02038372581725345,-0.020877933717604602,0.2522456564761488,0.0005044913129522977
ELASTICNET_STANDALONE,2025-03,-0.0542767521698051,-0.05477647525357909,0.2642015435914007,0.0005284030871828014
ELASTICNET_STANDALONE,2025-04,-0.010643412507543526,-0.010649504229849782,0.0030786282637682294,6.157256527536459e-06
ELASTICNET_STANDALONE,2025-05,0.054519089636618334,0.05450491998468454,0.006718537422807397,1.3437074845614793e-05
ELASTICNET_STANDALONE,2025-06,0.03744857444191885,0.03692870509436896,0.2505518636571224,0.0005011037273142448
ELASTICNET_STANDALONE,2025-07,0.014454338267436029,0.014430556993687338,0.011721214475287428,2.3442428950574855e-05
ELASTICNET_STANDALONE,2025-08,0.02013840844654413,0.019628339242320436,0.25,0.0005
ELASTICNET_STANDALONE,2025-09,0.07879295889014726,0.07878106029578436,0.0055147719795005795,1.102954395900116e-05
ELASTICNET_STANDALONE,2025-10,0.03654436819998308,0.03599808965430129,0.2635094851897031,0.0005270189703794061
ELASTICNET_STANDALONE,2025-11,0.012615905433868813,0.012603816650011535,0.005969086497784867,1.1938172995569735e-05
ELASTICNET_STANDALONE,2025-12,0.024996220227262222,0.024461928033881808,0.2606312993339839,0.0005212625986679677
ELASTICNET_STANDALONE,2026-01,0.06262082818605763,0.06203403674683594,0.27610574894486783,0.0005522114978897357
ELASTICNET_STANDALONE,2026-02,0.015987042470082313,0.015965786584646757,0.01046070695138511,2.092141390277022e-05
ELASTICNET_STANDALONE,2026-03,-0.09125416083435012,-0.09175168163504721,0.27374034590011354,0.0005474806918002271
ELASTICNET_STANDALONE,2026-04,0.13444259682541992,0.13382269856346274,0.27321711283223993,0.0005464342256644799
ELASTICNET_STANDALONE,2026-05,0.07937050007858804,0.07927495410044161,0.04426004700864908,8.852009401729816e-05
ELASTICNET_STANDALONE,2026-06,-0.031374736363549705,-0.031913977792727755,0.2783539978886269,0.0005567079957772539
ELASTICNET_STANDALONE,2026-07,-0.07168053779105521,-0.07173192787694671,0.02767909538888401,5.535819077776802e-05
ELASTICNET_STANDALONE,2026-08,0.012713948573702893,0.012713948573702893,0.0,0.0
RANDOMFOREST_STANDALONE,2017-05,0.012280779154144161,0.012269188986467672,0.005724779090586787,1.1449558181173574e-05
RANDOMFOREST_STANDALONE,2017-06,0.013296789931595665,0.012790125279927844,0.25000802168830094,0.0005000160433766019
RANDOMFOREST_STANDALONE,2017-07,0.032425070971233705,0.03138739073933294,0.5025450568166908,0.0010050901136333817
RANDOMFOREST_STANDALONE,2017-08,0.007105070677062786,0.006083398526969708,0.5072321547376419,0.0010144643094752838
RANDOMFOREST_STANDALONE,2017-09,0.0046113737974695646,0.004105659226533609,0.2516966182777667,0.0005033932365555334
RANDOMFOREST_STANDALONE,2017-10,0.016518798183693173,0.015994715807688076,0.2577829239072791,0.0005155658478145582
RANDOMFOREST_STANDALONE,2017-11,0.0071401004933424606,0.006630522151986673,0.2529828477224285,0.000505965695444857
RANDOMFOREST_STANDALONE,2017-12,0.01873123133871757,0.018211989900362102,0.2548471188384946,0.0005096942376769892
RANDOMFOREST_STANDALONE,2018-01,0.03010611469940372,0.029058562069623317,0.5084683096390635,0.001016936619278127
RANDOMFOREST_STANDALONE,2018-02,-0.042949177947957384,-0.04345252892353024,0.26296982562208016,0.0005259396512441603
RANDOMFOREST_STANDALONE,2018-03,0.0016112061174291537,0.00010878930825231059,0.7499999999999999,0.0014999999999999998
RANDOMFOREST_STANDALONE,2018-04,-0.010897044113678422,-0.01141707507754619,0.2628800979579978,0.0005257601959159957
RANDOMFOREST_STANDALONE,2018-05,0.0014625038249842515,0.0004437000757351317,0.5086579604116626,0.0010173159208233251
RANDOMFOREST_STANDALONE,2018-06,-0.009849254895430426,-0.010846498413810246,0.5035816633530152,0.0010071633267060304
RANDOMFOREST_STANDALONE,2018-07,0.009722474442602103,0.008708103446990023,0.5023018806095936,0.0010046037612191873
RANDOMFOREST_STANDALONE,2018-08,0.013413545759598078,0.012380743364309943,0.5095661093192574,0.0010191322186385147
RANDOMFOREST_STANDALONE,2018-09,-0.014226716099203784,-0.014745938332233588,0.26335783364674736,0.0005267156672934947
RANDOMFOREST_STANDALONE,2018-10,-0.08359339123260556,-0.08451757850837638,0.5042452045460717,0.0010084904090921433
RANDOMFOREST_STANDALONE,2018-11,0.01934734248005965,0.01883421863684598,0.251692343635045,0.00050338468727009
RANDOMFOREST_STANDALONE,2018-12,-0.07894164784435465,-0.07941645582620005,0.2577513035597745,0.000515502607119549
RANDOMFOREST_STANDALONE,2019-01,0.06583091065828772,0.0647467114208431,0.5086169047093319,0.0010172338094186638
RANDOMFOREST_STANDALONE,2019-02,0.019760118861027687,0.019214035255727513,0.26775101085047437,0.0005355020217009487
RANDOMFOREST_STANDALONE,2019-03,0.018945139059497906,0.018415667074238584,0.25981378435529134,0.0005196275687105827
RANDOMFOREST_STANDALONE,2019-04,0.016393611205113068,0.015862660353439306,0.2611935208077434,0.0005223870416154868
RANDOMFOREST_STANDALONE,2019-05,-0.03516352015821156,-0.03565058919002606,0.2524101451338243,0.0005048202902676487
RANDOMFOREST_STANDALONE,2019-06,0.06743122452885353,0.06632566775001991,0.5178585530518383,0.0010357171061036764
RANDOMFOREST_STANDALONE,2019-07,0.016324992313716313,0.015816829817559608,0.25000000000000006,0.0005000000000000001
RANDOMFOREST_STANDALONE,2019-08,-0.005956936847892225,-0.006471530817272253,0.25883887150130563,0.0005176777430026113
RANDOMFOREST_STANDALONE,2019-09,0.0033634479975537257,0.0028325757537361884,0.26454633407134776,0.0005290926681426956
RANDOMFOREST_STANDALONE,2019-10,0.02946794372050543,0.02944667030667225,0.010332237134350095,2.066447426870019e-05
RANDOMFOREST_STANDALONE,2019-11,0.02130541010884568,0.021290173595553075,0.00745933250780513,1.491866501561026e-05
RANDOMFOREST_STANDALONE,2019-12,0.029432144263088267,0.028897916504595278,0.2594769171867909,0.0005189538343735818
RANDOMFOREST_STANDALONE,2020-01,-0.007663948041203628,-0.008656284093162325,0.5,0.001
RANDOMFOREST_STANDALONE,2020-02,-0.039241223948440096,-0.03972927885440991,0.2539945083696465,0.000507989016739293
RANDOMFOREST_STANDALONE,2020-03,-0.06536163128361938,-0.06629626965233537,0.49999999999999994,0.0009999999999999998
RANDOMFOREST_STANDALONE,2020-04,0.1342091444860476,0.13296164407294242,0.5499428474765089,0.0010998856949530178
RANDOMFOREST_STANDALONE,2020-05,0.03877056699740855,0.038741571379031337,0.013956700015554227,2.7913400031108453e-05
RANDOMFOREST_STANDALONE,2020-06,0.023409936427809974,0.02289823145959602,0.25000000000000006,0.0005000000000000001
RANDOMFOREST_STANDALONE,2020-07,0.03597027596713054,0.03596676817646438,0.0016929977371918092,3.3859954743836184e-06
RANDOMFOREST_STANDALONE,2020-08,0.0440448937867417,0.04402480591280433,0.00962021559449544,1.924043118899088e-05
RANDOMFOREST_STANDALONE,2020-09,-0.04618350344862154,-0.047137319945172895,0.4999999999999999,0.0009999999999999998
RANDOMFOREST_STANDALONE,2020-10,-0.021579932461092022,-0.02207855203813236,0.25480853959550376,0.0005096170791910076
RANDOMFOREST_STANDALONE,2020-11,0.06437967093844343,0.06383696673366335,0.2549392005494143,0.0005098784010988287
RANDOMFOREST_STANDALONE,2020-12,0.0602564658375051,0.05913929012076968,0.5268422088106766,0.0010536844176213531
RANDOMFOREST_STANDALONE,2021-01,0.019735058030386998,0.019192807927728595,0.2658779348558914,0.0005317558697117828
RANDOMFOREST_STANDALONE,2021-02,0.030542547367755635,0.03000684704048484,0.2599117953155656,0.0005198235906311311
RANDOMFOREST_STANDALONE,2021-03,0.02213460880496898,0.021096759884711824,0.5076870068368196,0.0010153740136736391
RANDOMFOREST_STANDALONE,2021-04,0.042167893799629264,0.04161769567006801,0.2639680865409645,0.000527936173081929
RANDOMFOREST_STANDALONE,2021-05,0.018076038780885595,0.017044199289907302,0.5067595403844269,0.001013519080768854
RANDOMFOREST_STANDALONE,2021-06,0.043032206120265926,0.04249558888268212,0.25723905476529796,0.0005144781095305959
RANDOMFOREST_STANDALONE,2021-07,0.0035498611357800414,0.003523793961090149,0.012987483581591241,2.5974967163182484e-05
RANDOMFOREST_STANDALONE,2021-08,0.00955569788133337,0.008542756128363749,0.5016770026139328,0.0010033540052278656
RANDOMFOREST_STANDALONE,2021-09,-0.03767181857311486,-0.038164322091328584,0.25589166342567826,0.0005117833268513566
RANDOMFOREST_STANDALONE,2021-10,0.06059022838039607,0.05899934303782506,0.75,0.0015
RANDOMFOREST_STANDALONE,2021-11,-0.01831251104376086,-0.018810461568603776,0.2536196755306696,0.0005072393510613392
RANDOMFOREST_STANDALONE,2021-12,0.007476933084812787,0.005965717685185945,0.75,0.0015
RANDOMFOREST_STANDALONE,2022-01,-0.04599736956222855,-0.04698263891658461,0.5163871266811282,0.0010327742533622563
RANDOMFOREST_STANDALONE,2022-02,-0.008746158067546084,-0.010243135548751114,0.7550929024833666,0.0015101858049667333
RANDOMFOREST_STANDALONE,2022-03,0.019773262371248546,0.018724028360732836,0.5144447541582585,0.001028889508316517
RANDOMFOREST_STANDALONE,2022-04,-0.021045568859318076,-0.022514000506029253,0.75,0.0015
RANDOMFOREST_STANDALONE,2022-05,-0.0007477093491976561,-0.001773670061222421,0.5133642032268035,0.001026728406453607
RANDOMFOREST_STANDALONE,2022-06,-0.07085062542499898,-0.07131974060434898,0.25244335958619013,0.0005048867191723802
RANDOMFOREST_STANDALONE,2022-07,0.058778158333061326,0.057719380174728,0.5,0.001
RANDOMFOREST_STANDALONE,2022-08,-0.029536509396120403,-0.03052975937001401,0.5117400002729605,0.001023480000545921
RANDOMFOREST_STANDALONE,2022-09,-0.11582063345599458,-0.11627560651855229,0.25728550098158803,0.0005145710019631761
RANDOMFOREST_STANDALONE,2022-10,0.06431028124252092,0.0637643081717556,0.25649149519054826,0.0005129829903810965
RANDOMFOREST_STANDALONE,2022-11,0.03213387560385805,0.031606705466170615,0.25537875955231265,0.0005107575191046253
RANDOMFOREST_STANDALONE,2022-12,-0.04862636013464039,-0.049577733774505583,0.5,0.001
RANDOMFOREST_STANDALONE,2023-01,0.09581697540200573,0.09525052227794695,0.25846155734652454,0.0005169231146930491
RANDOMFOREST_STANDALONE,2023-02,-0.03752717754117518,-0.03755463506008494,0.014264048952613878,2.8528097905227757e-05
RANDOMFOREST_STANDALONE,2023-03,0.01630621161806478,0.01628642009015513,0.009736990526697464,1.947398105339493e-05
RANDOMFOREST_STANDALONE,2023-04,-0.0035686366550579107,-0.004595523529381973,0.5152822924384582,0.0010305645848769165
RANDOMFOREST_STANDALONE,2023-05,0.022305109125601907,0.021280436609106834,0.5011578771095132,0.0010023157542190264
RANDOMFOREST_STANDALONE,2023-06,0.046289144732758025,0.04575323446980217,0.25610046020914734,0.0005122009204182947
RANDOMFOREST_STANDALONE,2023-07,0.028791644218392864,0.028266205545598888,0.25536690337001455,0.0005107338067400291
RANDOMFOREST_STANDALONE,2023-08,-0.042094417230619796,-0.04257337002200445,0.25000000000000006,0.0005000000000000001
RANDOMFOREST_STANDALONE,2023-09,-0.053326252705592325,-0.0533444154083369,0.00959290505118375,1.9185810102367502e-05
RANDOMFOREST_STANDALONE,2023-10,-0.034450724647636766,-0.03494433658268825,0.2556119856601989,0.0005112239713203978
RANDOMFOREST_STANDALONE,2023-11,0.10015866549902808,0.09959264337508267,0.25724567814446864,0.0005144913562889373
RANDOMFOREST_STANDALONE,2023-12,0.047279144635052006,0.04570179395112883,0.7530707987471602,0.0015061415974943204
RANDOMFOREST_STANDALONE,2024-01,-0.01931191970090773,-0.020292607781206784,0.5,0.001
RANDOMFOREST_STANDALONE,2024-02,0.05418504276224856,0.05311740158996847,0.5063822426671273,0.0010127644853342545
RANDOMFOREST_STANDALONE,2024-03,0.05012674754086488,0.04855155741955364,0.75,0.0015
RANDOMFOREST_STANDALONE,2024-04,-0.029997339264904443,-0.030502855177153343,0.260574497736623,0.000521148995473246
RANDOMFOREST_STANDALONE,2024-05,0.030081392744650604,0.029537566416855565,0.2639725033504998,0.0005279450067009996
RANDOMFOREST_STANDALONE,2024-06,0.020878915626437733,0.020359707079268485,0.2542948723994878,0.0005085897447989756
RANDOMFOREST_STANDALONE,2024-07,0.05016736472868133,0.04909013475906776,0.5128849009186665,0.001025769801837333
RANDOMFOREST_STANDALONE,2024-08,-0.001927007609559328,-0.0029250806019498476,0.5,0.001
RANDOMFOREST_STANDALONE,2024-09,0.017877856755866173,0.017349963882241193,0.25931052047216596,0.0005186210409443319
RANDOMFOREST_STANDALONE,2024-10,-0.01215516721581067,-0.012653819102066644,0.25239383236468577,0.0005047876647293715
RANDOMFOREST_STANDALONE,2024-11,0.04315804392085454,0.04263646489889483,0.24999999999999997,0.0004999999999999999
RANDOMFOREST_STANDALONE,2024-12,-0.04324474242541443,-0.04375842383352224,0.26844974409131583,0.0005368994881826317
RANDOMFOREST_STANDALONE,2025-01,0.04461291659430122,0.04356830367770703,0.5,0.001
RANDOMFOREST_STANDALONE,2025-02,0.012189528634024116,0.0111676236346554,0.5047992349553088,0.0010095984699106176
RANDOMFOREST_STANDALONE,2025-03,-0.01392494534457156,-0.014939177410710158,0.5142773165948146,0.001028554633189629
RANDOMFOREST_STANDALONE,2025-04,-0.008257389684638516,-0.009282194375299091,0.5166686799587579,0.0010333373599175158
RANDOMFOREST_STANDALONE,2025-05,0.011391611610718,0.010364633167596615,0.5077056361411247,0.0010154112722822494
RANDOMFOREST_STANDALONE,2025-06,0.03252143320012202,0.03199305518307405,0.2558678202978446,0.0005117356405956893
RANDOMFOREST_STANDALONE,2025-07,-0.0007393388407447299,-0.001768265632495325,0.5148440400712243,0.0010296880801424486
RANDOMFOREST_STANDALONE,2025-08,0.033154350630588025,0.03262527319990727,0.25604955849953737,0.0005120991169990747
RANDOMFOREST_STANDALONE,2025-09,0.07929814396712431,0.07928787388035463,0.00475776171167315,9.5155234233463e-06
RANDOMFOREST_STANDALONE,2025-10,0.06552676991710271,0.0649664540620225,0.2629290370264754,0.0005258580740529509
RANDOMFOREST_STANDALONE,2025-11,-0.016593775326660953,-0.017130546527413193,0.27291427859861367,0.0005458285571972273
RANDOMFOREST_STANDALONE,2025-12,0.024688222819178485,0.024138522825254194,0.2682279261548689,0.0005364558523097378
RANDOMFOREST_STANDALONE,2026-01,0.07048334652520016,0.06887762150541232,0.75,0.0015
RANDOMFOREST_STANDALONE,2026-02,0.07814733779257121,0.07705702901496458,0.5056399711745387,0.0010112799423490776
RANDOMFOREST_STANDALONE,2026-03,-0.045122786972750406,-0.04565187421008143,0.27704464517144667,0.0005540892903428933
RANDOMFOREST_STANDALONE,2026-04,0.12216585533727886,0.12097613455007328,0.5301002438931286,0.0010602004877862572
RANDOMFOREST_STANDALONE,2026-05,0.07937050007858804,0.07927495410044161,0.04426004700864908,8.852009401729816e-05
RANDOMFOREST_STANDALONE,2026-06,-0.05632348803053322,-0.05642984758635994,0.056353821716450744,0.00011270764343290149
RANDOMFOREST_STANDALONE,2026-07,-0.08288329691245955,-0.08336777791396499,0.26413268882477337,0.0005282653776495467
RANDOMFOREST_STANDALONE,2026-08,0.009968545603482593,0.009968545603482593,0.0,0.0
XGBOOST_STANDALONE,2017-05,0.03495745969714248,0.03443224692172997,0.25373640746825693,0.0005074728149365139
XGBOOST_STANDALONE,2017-06,0.004654769563489536,0.004630586943821902,0.012035288339521055,2.407057667904211e-05
XGBOOST_STANDALONE,2017-07,0.01780931504137251,0.01779149111211198,0.008756025808188475,1.7512051616376952e-05
XGBOOST_STANDALONE,2017-08,0.006142935992809795,0.006122161606033405,0.010323775098287927,2.0647550196575854e-05
XGBOOST_STANDALONE,2017-09,0.011155695716608127,0.011138641673927419,0.008432945960840474,1.6865891921680947e-05
XGBOOST_STANDALONE,2017-10,0.03351736659385596,0.03298913155042382,0.2555520886759163,0.0005111041773518326
XGBOOST_STANDALONE,2017-11,0.015687293964760318,0.015156929650987916,0.2610864175049615,0.000522172835009923
XGBOOST_STANDALONE,2017-12,0.011667304963259406,0.011653575262719373,0.00678567967579885,1.3571359351597701e-05
XGBOOST_STANDALONE,2018-01,0.030908788328001258,0.030892228791959964,0.008031523364898527,1.6063046729797053e-05
XGBOOST_STANDALONE,2018-02,-0.04005667663032375,-0.04008083063210999,0.012580952019798197,2.5161904039596396e-05
XGBOOST_STANDALONE,2018-03,0.008582778756120346,0.007556276980221099,0.5088832555545858,0.0010177665111091717
XGBOOST_STANDALONE,2018-04,-0.0007366473757896008,-0.0017589155038074678,0.5115108671466851,0.0010230217342933703
XGBOOST_STANDALONE,2018-05,0.007363290585783888,0.006352177869412889,0.501861009737091,0.0010037220194741821
XGBOOST_STANDALONE,2018-06,-0.022854427022379054,-0.02337010236561321,0.2638682287957788,0.0005277364575915576
XGBOOST_STANDALONE,2018-07,0.015981510581010605,0.015438873327217939,0.26705075247008236,0.0005341015049401647
XGBOOST_STANDALONE,2018-08,0.036859255214150455,0.036335680943409665,0.252480878242613,0.000504961756485226
XGBOOST_STANDALONE,2018-09,-0.00709200408863242,-0.00808591783959478,0.5005064694088567,0.0010010129388177134
XGBOOST_STANDALONE,2018-10,-0.104290299202905,-0.10519691829781164,0.5060898045983802,0.0010121796091967603
XGBOOST_STANDALONE,2018-11,0.024137683891814365,0.023625615049867932,0.25,0.0005
XGBOOST_STANDALONE,2018-12,-0.0783525572612096,-0.07882001040348297,0.2535965058852341,0.0005071930117704681
XGBOOST_STANDALONE,2019-01,0.05076596698507618,0.04917371944828863,0.757660405273701,0.001515320810547402
XGBOOST_STANDALONE,2019-02,0.011378116349494816,0.010336961009993484,0.514721113038974,0.0010294422260779482
XGBOOST_STANDALONE,2019-03,-0.002635565449666588,-0.0031503745542821315,0.25808475156211885,0.0005161695031242377
XGBOOST_STANDALONE,2019-04,0.03711344746010492,0.03658031651966076,0.2570263367760252,0.0005140526735520505
XGBOOST_STANDALONE,2019-05,-0.055906581103682074,-0.05591722023659329,0.0056345763556752415,1.1269152711350482e-05
XGBOOST_STANDALONE,2019-06,0.05815128999604258,0.05811850817714448,0.01549013794493996,3.098027588987992e-05
XGBOOST_STANDALONE,2019-07,0.015742393519113884,0.015715176702605138,0.013397499544423777,2.6794999088847553e-05
XGBOOST_STANDALONE,2019-08,-0.01199678344293309,-0.012005802316886527,0.004564192606980461,9.128385213960922e-06
XGBOOST_STANDALONE,2019-09,0.017397402919678617,0.017367804114666985,0.014546334071347741,2.9092668142695483e-05
XGBOOST_STANDALONE,2019-10,0.026058821569512558,0.02605371596461259,0.0024879689120372445,4.975937824074489e-06
XGBOOST_STANDALONE,2019-11,0.01912010087319649,0.018597233495786458,0.25652883156879625,0.0005130576631375925
XGBOOST_STANDALONE,2019-12,0.035350894760047824,0.03430218148663999,0.5064530676101071,0.0010129061352202142
XGBOOST_STANDALONE,2020-01,0.028230765773971322,0.027183815754196816,0.509102652159317,0.0010182053043186342
XGBOOST_STANDALONE,2020-02,-0.016214691703986484,-0.016707688995176162,0.25056142180247165,0.0005011228436049433
XGBOOST_STANDALONE,2020-03,-0.13535655799694601,-0.1362348201007838,0.5078753051104686,0.0010157506102209373
XGBOOST_STANDALONE,2020-04,0.11359365590525816,0.11289595569411448,0.3132651696801315,0.000626530339360263
XGBOOST_STANDALONE,2020-05,0.036594940266827525,0.03604951486880226,0.2630851149461445,0.000526170229892289
XGBOOST_STANDALONE,2020-06,0.032083678745449484,0.031051595066704518,0.5,0.001
XGBOOST_STANDALONE,2020-07,0.047338592480606234,0.04680667282370132,0.2539387265607702,0.0005078774531215404
XGBOOST_STANDALONE,2020-08,0.05071051711168173,0.05016116845467966,0.2614177016670681,0.0005228354033341363
XGBOOST_STANDALONE,2020-09,-0.044249718272338256,-0.04520672916737245,0.5006594888491427,0.0010013189776982854
XGBOOST_STANDALONE,2020-10,-0.016528739344190524,-0.017029933095514038,0.25480853959550376,0.0005096170791910076
XGBOOST_STANDALONE,2020-11,0.13655024681001393,0.13652652637078422,0.010435279608755718,2.0870559217511438e-05
XGBOOST_STANDALONE,2020-12,0.05275651718555041,0.05220830933133391,0.2603678273500779,0.0005207356547001558
XGBOOST_STANDALONE,2021-01,0.01044101494594707,0.01041862298574725,0.01108029062018008,2.216058124036016e-05
XGBOOST_STANDALONE,2021-02,0.009672085160886024,0.009147233792218046,0.2599117953155656,0.0005198235906311311
XGBOOST_STANDALONE,2021-03,0.01959525174521204,0.01908228520210864,0.251554007448115,0.00050310801489623
XGBOOST_STANDALONE,2021-04,0.04032683576576024,0.039282853273975515,0.5017569747763433,0.0010035139495526866
XGBOOST_STANDALONE,2021-05,0.007918990800704684,0.007388225182129338,0.26329775677375644,0.0005265955135475129
XGBOOST_STANDALONE,2021-06,0.011049456378664724,0.010025861774465739,0.506204022830592,0.0010124080456611838
XGBOOST_STANDALONE,2021-07,0.00395833894282549,0.0034502258658464235,0.2530548615761324,0.0005061097231522648
XGBOOST_STANDALONE,2021-08,0.006831868583738077,0.006306243714399917,0.2610291180380243,0.0005220582360760486
XGBOOST_STANDALONE,2021-09,-0.047558015581876445,-0.04804633266676128,0.2563500417207718,0.0005127000834415437
XGBOOST_STANDALONE,2021-10,0.03989824065483405,0.03935318793169862,0.26207022082848436,0.0005241404416569687
XGBOOST_STANDALONE,2021-11,-0.02890224290842458,-0.02938779178697115,0.25,0.0005
XGBOOST_STANDALONE,2021-12,0.011515765248198306,0.010991098120774367,0.25934698471811723,0.0005186939694362345
XGBOOST_STANDALONE,2022-01,-0.06325556252689402,-0.0642285302755996,0.5193346817889859,0.0010386693635779719
XGBOOST_STANDALONE,2022-02,-0.00860587227278442,-0.009612045061848984,0.5074534743167665,0.001014906948633533
XGBOOST_STANDALONE,2022-03,0.04136340745248668,0.04078669527171397,0.276902461064858,0.000553804922129716
XGBOOST_STANDALONE,2022-04,-0.03360459843525643,-0.03457099383682105,0.5,0.001
XGBOOST_STANDALONE,2022-05,0.002166950090112474,0.0011241683639235944,0.5202634781036506,0.0010405269562073012
XGBOOST_STANDALONE,2022-06,-0.06717762074581846,-0.06857685431469995,0.75,0.0015
XGBOOST_STANDALONE,2022-07,0.0622325460330464,0.0606348842760287,0.7520301288938649,0.0015040602577877297
XGBOOST_STANDALONE,2022-08,-0.03594267107655136,-0.036918733832022044,0.5062265106993966,0.0010124530213987933
XGBOOST_STANDALONE,2022-09,-0.11043087693678721,-0.11132603325060275,0.5031403915713278,0.0010062807831426558
XGBOOST_STANDALONE,2022-10,0.07121485038577813,0.07066004642433965,0.25896017089307977,0.0005179203417861595
XGBOOST_STANDALONE,2022-11,0.052774591386512304,0.05168400258030559,0.5179593120551311,0.0010359186241102622
XGBOOST_STANDALONE,2022-12,-0.05293572634774435,-0.05388279062139645,0.5,0.001
XGBOOST_STANDALONE,2023-01,0.1074887662967614,0.10635429613955183,0.5121813384180184,0.0010243626768360369
XGBOOST_STANDALONE,2023-02,-0.014987006939394587,-0.015503973756096245,0.26241624239662553,0.000524832484793251
XGBOOST_STANDALONE,2023-03,0.02887061452605244,0.028868004833965566,0.0012682314226728497,2.5364628453456995e-06
XGBOOST_STANDALONE,2023-04,0.005515451789559922,0.004972782975805945,0.269846083810944,0.000539692167621888
XGBOOST_STANDALONE,2023-05,0.027250119071221768,0.02622286895215109,0.5,0.001
XGBOOST_STANDALONE,2023-06,0.06281737947484789,0.06174132187202419,0.5062288327253631,0.0010124576654507262
XGBOOST_STANDALONE,2023-07,0.0435594891597233,0.04303770941514329,0.25000000000000006,0.0005000000000000001
XGBOOST_STANDALONE,2023-08,-0.03940908109655317,-0.03941704719104744,0.004146455237853522,8.292910475707044e-06
XGBOOST_STANDALONE,2023-09,-0.04537742914731868,-0.04585669254299274,0.2510224513368977,0.0005020449026737954
XGBOOST_STANDALONE,2023-10,-0.01995322549046774,-0.02094747364911631,0.5072452583427396,0.0010144905166854792
XGBOOST_STANDALONE,2023-11,0.09946315836863473,0.09889085146488785,0.2602665216157263,0.0005205330432314526
XGBOOST_STANDALONE,2023-12,0.057131807525000244,0.05604388678671546,0.5145624843282492,0.0010291249686564985
XGBOOST_STANDALONE,2024-01,-0.004743402548708975,-0.004765839101040559,0.0112717425781588,2.25434851563176e-05
XGBOOST_STANDALONE,2024-02,0.03158319296632084,0.031040726920897654,0.26292888887785637,0.0005258577777557127
XGBOOST_STANDALONE,2024-03,0.03815715310378698,0.03761916250798314,0.259108456843488,0.000518216913686976
XGBOOST_STANDALONE,2024-04,-0.04061656189485752,-0.041578131177001376,0.5011391920851624,0.001002278384170325
XGBOOST_STANDALONE,2024-05,0.04595384799984026,0.0454075116772521,0.2611665532054287,0.0005223331064108574
XGBOOST_STANDALONE,2024-06,0.021769533434143007,0.02175208301626408,0.008539312099125118,1.7078624198250238e-05
XGBOOST_STANDALONE,2024-07,0.050098251400237936,0.0495414545767785,0.26511653681755853,0.0005302330736351171
XGBOOST_STANDALONE,2024-08,0.014818315777640922,0.014785985764739884,0.015928966002455483,3.185793200491097e-05
XGBOOST_STANDALONE,2024-09,0.030132186643726744,0.029601229755939373,0.25771298803757625,0.0005154259760751525
XGBOOST_STANDALONE,2024-10,0.002716613165726578,0.002704044367185965,0.006267373241772511,1.2534746483545022e-05
XGBOOST_STANDALONE,2024-11,0.0476909367470848,0.04716321366027665,0.2518505545377884,0.0005037011090755768
XGBOOST_STANDALONE,2024-12,-0.03321413610393609,-0.03373320293944415,0.26844974409131583,0.0005368994881826317
XGBOOST_STANDALONE,2025-01,0.043240525197434154,0.04271864034204231,0.25012681293876127,0.0005002536258775225
XGBOOST_STANDALONE,2025-02,-0.0031767796093171707,-0.004179794120353297,0.5031055108461355,0.0010062110216922712
XGBOOST_STANDALONE,2025-03,-0.018672776296265736,-0.019205280802684244,0.2713185232999564,0.0005426370465999128
XGBOOST_STANDALONE,2025-04,0.02072047885929118,0.020176090493882803,0.26666867995875787,0.0005333373599175158
XGBOOST_STANDALONE,2025-05,0.026933767257012686,0.025889511196791837,0.5084339874278222,0.0010168679748556444
XGBOOST_STANDALONE,2025-06,0.0410206318508215,0.04050012153489568,0.24999999999999997,0.0004999999999999999
XGBOOST_STANDALONE,2025-07,0.016961002784342982,0.01642868224689753,0.2617212144752874,0.0005234424289505748
XGBOOST_STANDALONE,2025-08,0.011558039184151214,0.011043972422813964,0.25409652309808023,0.0005081930461961605
XGBOOST_STANDALONE,2025-09,0.08258400013028755,0.08203860045956923,0.2518971602448059,0.0005037943204896119
XGBOOST_STANDALONE,2025-10,0.06848290269516588,0.06792294453361669,0.26203421698976204,0.0005240684339795241
XGBOOST_STANDALONE,2025-11,-0.0019719416586746474,-0.0029934597626933845,0.5117682291000394,0.0010235364582000788
XGBOOST_STANDALONE,2025-12,0.02206839340861899,0.02100546084480248,0.5199909177660631,0.0010399818355321263
XGBOOST_STANDALONE,2026-01,0.10782703844109198,0.10721983552285752,0.2740513172023801,0.0005481026344047601
XGBOOST_STANDALONE,2026-02,0.039848382665625515,0.039276081165293686,0.27518507018521454,0.000550370140370429
XGBOOST_STANDALONE,2026-03,-0.0855369453128828,-0.08561296710383515,0.04156635446498601,8.313270892997202e-05
XGBOOST_STANDALONE,2026-04,0.13441465880104309,0.13380166050713016,0.27018263963581285,0.0005403652792716257
XGBOOST_STANDALONE,2026-05,0.10586415002118987,0.10577309021070058,0.041171336681722126,8.234267336344426e-05
XGBOOST_STANDALONE,2026-06,-0.034692313815944065,-0.0347882010949816,0.04966669198328279,9.933338396656558e-05
XGBOOST_STANDALONE,2026-07,-0.08087946315754768,-0.08138990427599524,0.277679095388884,0.0005553581907777681
XGBOOST_STANDALONE,2026-08,0.009968545603482593,0.009968545603482593,0.0,0.0
REX3_CHRONOS10,2017-05,0.040647917568915615,0.04011387846959402,0.25658971219051413,0.0005131794243810283
REX3_CHRONOS10,2017-06,0.0013649644905129321,0.0008434684224514211,0.26039260736807357,0.0005207852147361471
REX3_CHRONOS10,2017-07,0.018278122237312955,0.017751244313004788,0.2587102250365657,0.0005174204500731314
REX3_CHRONOS10,2017-08,0.009947602114554366,0.009432587697913997,0.2549708596574227,0.0005099417193148454
REX3_CHRONOS10,2017-09,0.0005341602614605812,0.0005200698141660798,0.007041462377773658,1.4082924755547317e-05
REX3_CHRONOS10,2017-10,0.03737941294408298,0.036858672713041996,0.25098831948240047,0.000501976638964801
REX3_CHRONOS10,2017-11,0.024202160561601627,0.023679324126062218,0.25524083802603165,0.0005104816760520633
REX3_CHRONOS10,2017-12,0.010179635980726687,0.010164647262712379,0.007418837937661835,1.483767587532367e-05
REX3_CHRONOS10,2018-01,0.05338281538414602,0.05337314491210354,0.0045901983122071666,9.180396624414334e-06
REX3_CHRONOS10,2018-02,-0.04253093843621991,-0.04302616602250786,0.2586128399173089,0.0005172256798346178
REX3_CHRONOS10,2018-03,0.0015188979726030727,0.0010033309291177517,0.257392568691797,0.000514785137383594
REX3_CHRONOS10,2018-04,-0.003562554944042895,-0.004079639637309951,0.25946671104758645,0.0005189334220951729
REX3_CHRONOS10,2018-05,0.02242772243026825,0.02191270307315918,0.25186100973709097,0.000503722019474182
REX3_CHRONOS10,2018-06,-0.009522976249511927,-0.009550513635394053,0.013901072524606345,2.780214504921269e-05
REX3_CHRONOS10,2018-07,0.01909978695373926,0.019060276087680794,0.019385180217095496,3.8770360434190994e-05
REX3_CHRONOS10,2018-08,0.033373873854732894,0.03336364591079044,0.0049488109779117495,9.8976219558235e-06
REX3_CHRONOS10,2018-09,-0.0014610190254643607,-0.001475926743039313,0.00746476495094342,1.4929529901886841e-05
REX3_CHRONOS10,2018-10,-0.10287952552056834,-0.10289387118940696,0.007995397077158448,1.5990794154316897e-05
REX3_CHRONOS10,2018-11,0.018250294272405654,0.018228431093244124,0.010735660615450435,2.147132123090087e-05
REX3_CHRONOS10,2018-12,-0.07768355582429332,-0.07769773855178752,0.0076886450323800926,1.5377290064760184e-05
REX3_CHRONOS10,2019-01,0.06654828562569204,0.06599213104884649,0.26072639389184565,0.0005214527877836913
REX3_CHRONOS10,2019-02,0.030408106253355438,0.02989290220022922,0.25,0.0005
REX3_CHRONOS10,2019-03,3.1997102689862444e-05,-0.00046801889586089995,0.25,0.0005
REX3_CHRONOS10,2019-04,0.034643570329320195,0.03461711177568172,0.012786313276304362,2.5572626552608724e-05
REX3_CHRONOS10,2019-05,-0.042153566084563,-0.04263259740409342,0.25005643001262057,0.0005001128600252412
REX3_CHRONOS10,2019-06,0.0705650512445426,0.06996874455146096,0.27850091518905323,0.0005570018303781064
REX3_CHRONOS10,2019-07,0.0077054638815121645,0.007196987280793765,0.25229425608121037,0.0005045885121624207
REX3_CHRONOS10,2019-08,-0.006164462043437902,-0.006661379812416102,0.25,0.0005
REX3_CHRONOS10,2019-09,0.0059426430015596665,0.00589768327897322,0.02234706068949356,4.4694121378987125e-05
REX3_CHRONOS10,2019-10,0.02892463046155136,0.028410168146320247,0.25,0.0005
REX3_CHRONOS10,2019-11,0.02937154728488922,0.02885483195317229,0.2509858238652374,0.0005019716477304748
REX3_CHRONOS10,2019-12,0.029779406121683616,0.029264516418622488,0.24999999999999994,0.0004999999999999999
REX3_CHRONOS10,2020-01,0.01787072675876833,0.01735559149865451,0.2530455226636246,0.0005060910453272493
REX3_CHRONOS10,2020-02,-0.015423711976825016,-0.015925538743339684,0.2548440240836193,0.0005096880481672385
REX3_CHRONOS10,2020-03,-0.05324075235981962,-0.05372586898142795,0.25619851235539415,0.0005123970247107883
REX3_CHRONOS10,2020-04,0.17167869740528707,0.17033481025017672,0.5734879186956059,0.0011469758373912119
REX3_CHRONOS10,2020-05,0.04706639041855243,0.046531460330413,0.2554422971810283,0.0005108845943620566
REX3_CHRONOS10,2020-06,0.03480020605945788,0.03478529790661988,0.007203396728489686,1.4406793456979372e-05
REX3_CHRONOS10,2020-07,0.049519762622771024,0.04949988667207483,0.009469069284896534,1.8938138569793068e-05
REX3_CHRONOS10,2020-08,0.059568991642851676,0.059544795957567453,0.011417701667068125,2.2835403334136252e-05
REX3_CHRONOS10,2020-09,-0.042307798271592034,-0.0427928606581196,0.25324545070554555,0.0005064909014110911
REX3_CHRONOS10,2020-10,-0.019011489262520498,-0.019992477773257633,0.5,0.001
REX3_CHRONOS10,2020-11,0.09194543312566639,0.0913948873652819,0.25209398916971315,0.0005041879783394263
REX3_CHRONOS10,2020-12,0.05219445471115902,0.05166835748380416,0.25,0.0005
REX3_CHRONOS10,2021-01,0.013196854219927223,0.01217875724175621,0.502418150002748,0.001004836300005496
REX3_CHRONOS10,2021-02,0.01858512014348146,0.01805674679025393,0.25936632235136436,0.0005187326447027287
REX3_CHRONOS10,2021-03,0.02624325794620641,0.02571972180122506,0.2550740971635115,0.000510148194327023
REX3_CHRONOS10,2021-04,0.042440547540486984,0.04190543530091162,0.25666319332905996,0.00051332638665812
REX3_CHRONOS10,2021-05,0.025632147727648213,0.02511933165378477,0.25,0.0005
REX3_CHRONOS10,2021-06,0.008086619426738606,0.007565484088962293,0.2584774600384039,0.0005169549200768077
REX3_CHRONOS10,2021-07,0.00693995528047342,0.006436485302832917,0.25000000000000006,0.0005000000000000001
REX3_CHRONOS10,2021-08,0.015052020412110734,0.014520135444523685,0.2619988714329894,0.0005239977428659788
REX3_CHRONOS10,2021-09,-0.05050256377225559,-0.05051945892766063,0.00889689364101523,1.7793787282030462e-05
REX3_CHRONOS10,2021-10,0.04421990808466214,0.0441982443744926,0.010373155119008395,2.0746310238016792e-05
REX3_CHRONOS10,2021-11,-0.013062914326692043,-0.013556382869527761,0.25,0.0005
REX3_CHRONOS10,2021-12,0.04444972109184597,0.04442015805650246,0.014152445419958457,2.8304890839916915e-05
REX3_CHRONOS10,2022-01,-0.03757250926763789,-0.03854922759269919,0.5074243693504932,0.0010148487387009863
REX3_CHRONOS10,2022-02,-0.011957352564302526,-0.012977484144455542,0.5162386374719484,0.0010324772749438968
REX3_CHRONOS10,2022-03,0.060837679644538234,0.0607756279085081,0.029246574297405042,5.8493148594810085e-05
REX3_CHRONOS10,2022-04,-0.03310456038888232,-0.033594443512442784,0.2533278695356786,0.0005066557390713572
REX3_CHRONOS10,2022-05,-0.007650643004851743,-0.00818703458228276,0.2702634781036506,0.0005405269562073012
REX3_CHRONOS10,2022-06,-0.07970634375994556,-0.0801846219764476,0.2598508711099085,0.000519701742219817
REX3_CHRONOS10,2022-07,0.06922886188752853,0.06815657778421436,0.5014287125684029,0.001002857425136806
REX3_CHRONOS10,2022-08,-0.047892678634756436,-0.0483687761132644,0.25002301096994484,0.0005000460219398897
REX3_CHRONOS10,2022-09,-0.10506698764772993,-0.10551783684555582,0.2518899133248413,0.0005037798266496826
REX3_CHRONOS10,2022-10,0.06697974888854685,0.06696062824676763,0.00896017089307978,1.792034178615956e-05
REX3_CHRONOS10,2022-11,0.04351873380707105,0.042969115065920827,0.2633487657406254,0.0005266975314812507
REX3_CHRONOS10,2022-12,-0.05052331913404118,-0.05147279581490671,0.5,0.001
REX3_CHRONOS10,2023-01,0.10777666863529034,0.10665059660462606,0.5082576942390375,0.0010165153884780752
REX3_CHRONOS10,2023-02,-0.03460956562003226,-0.035116233880503556,0.2624162423966255,0.0005248324847932509
REX3_CHRONOS10,2023-03,0.01630621161806478,0.01628642009015513,0.009736990526697464,1.947398105339493e-05
REX3_CHRONOS10,2023-04,0.007246925038491447,0.00671251549183971,0.26528229243845824,0.0005305645848769165
REX3_CHRONOS10,2023-05,0.021381279090244343,0.020870588450699445,0.25,0.0005
REX3_CHRONOS10,2023-06,0.055607349440916165,0.05506927963254782,0.25486266681139363,0.0005097253336227873
REX3_CHRONOS10,2023-07,0.049382967981254744,0.049366442842053715,0.007873740905516291,1.5747481811032583e-05
REX3_CHRONOS10,2023-08,-0.03940908109655317,-0.03941704719104744,0.004146455237853522,8.292910475707044e-06
REX3_CHRONOS10,2023-09,-0.053326252705592325,-0.0533444154083369,0.00959290505118375,1.9185810102367502e-05
REX3_CHRONOS10,2023-10,-0.04483709180843487,-0.04485428574407602,0.009000525194928416,1.8001050389856834e-05
REX3_CHRONOS10,2023-11,0.11823091791911278,0.11765331425350678,0.2582667212783992,0.0005165334425567985
REX3_CHRONOS10,2023-12,0.060273229379068205,0.05919943678566564,0.5063754151524374,0.001012750830304875
REX3_CHRONOS10,2024-01,-0.01634824201981544,-0.016841850885963794,0.2509063101570659,0.0005018126203141318
REX3_CHRONOS10,2024-02,0.056427533123063256,0.055885834602747986,0.2563822426671273,0.0005127644853342545
REX3_CHRONOS10,2024-03,0.025201434382651433,0.024685514950559373,0.2516185672345088,0.0005032371344690176
REX3_CHRONOS10,2024-04,-0.055478855910057745,-0.05595425724913705,0.2516626239942221,0.0005033252479884442
REX3_CHRONOS10,2024-05,0.05209504798318321,0.051564609900379255,0.2520865789748186,0.0005041731579496372
REX3_CHRONOS10,2024-06,0.026812292816122074,0.026801390137747738,0.0053089929146191706,1.0617985829238341e-05
REX3_CHRONOS10,2024-07,0.035352378840405096,0.034815108657308746,0.25946247580862697,0.000518924951617254
REX3_CHRONOS10,2024-08,0.009427379884581644,0.009384192513579137,0.021392014850955834,4.278402970191167e-05
REX3_CHRONOS10,2024-09,0.015490668902083504,0.014971080147971216,0.2558313778866212,0.0005116627557732424
REX3_CHRONOS10,2024-10,-0.0018901863059471724,-0.0023899976811955215,0.2503789504876313,0.0005007579009752626
REX3_CHRONOS10,2024-11,0.0683650739024475,0.06782258937000862,0.2538853738717922,0.0005077707477435844
REX3_CHRONOS10,2024-12,-0.03078613742906866,-0.031277263199404715,0.25336295182201474,0.0005067259036440295
REX3_CHRONOS10,2025-01,0.03531938866347151,0.0352899336564243,0.014225082312565696,2.845016462513139e-05
REX3_CHRONOS10,2025-02,-0.01847901810206176,-0.018494236358191363,0.007752384518471933,1.5504769036943867e-05
REX3_CHRONOS10,2025-03,-0.026977177272762276,-0.027004814124827026,0.014201543591400675,2.8403087182801352e-05
REX3_CHRONOS10,2025-04,-0.011363535510680478,-0.011902914945633114,0.2727895714585738,0.0005455791429171477
REX3_CHRONOS10,2025-05,0.057728459073727256,0.05719365807243815,0.25280637799871714,0.0005056127559974343
REX3_CHRONOS10,2025-06,0.043772877677492605,0.043760436334499,0.005959794155966702,1.1919588311933406e-05
REX3_CHRONOS10,2025-07,0.014454338267436029,0.014430556993687338,0.011721214475287428,2.3442428950574855e-05
REX3_CHRONOS10,2025-08,0.02013840844654413,0.019628339242320436,0.25,0.0005
REX3_CHRONOS10,2025-09,0.07879295889014726,0.07878106029578436,0.0055147719795005795,1.102954395900116e-05
REX3_CHRONOS10,2025-10,0.034916489809962536,0.033853610942168766,0.5135094851897031,0.0010270189703794062
REX3_CHRONOS10,2025-11,-0.0052066406646834595,-0.005218084645900345,0.005751938887226776,1.1503877774453552e-05
REX3_CHRONOS10,2025-12,0.024791323921586006,0.02426739094176167,0.25562910594254873,0.0005112582118850975
REX3_CHRONOS10,2026-01,0.06857920211980573,0.06745922144299366,0.5240513172023801,0.0010481026344047603
REX3_CHRONOS10,2026-02,0.03055929940695412,0.030022458999596324,0.2604607069513851,0.0005209214139027703
REX3_CHRONOS10,2026-03,-0.08140534162458968,-0.08237414815179733,0.527330808194193,0.001054661616388386
REX3_CHRONOS10,2026-04,0.13441465880104309,0.13380166050713016,0.27018263963581285,0.0005403652792716257
REX3_CHRONOS10,2026-05,0.08252463168064561,0.08190676786928974,0.28538094805101494,0.0005707618961020299
REX3_CHRONOS10,2026-06,-0.031374736363549705,-0.031913977792727755,0.2783539978886269,0.0005567079957772539
REX3_CHRONOS10,2026-07,-0.07168053779105521,-0.07173192787694671,0.02767909538888401,5.535819077776802e-05
REX3_CHRONOS10,2026-08,0.012713948573702893,0.012713948573702893,0.0,0.0
REX3_CHRONOS33,2017-05,0.04422876602194514,0.043695192194061594,0.2554870375369902,0.0005109740750739804
REX3_CHRONOS33,2017-06,0.0013649644905129321,0.0008434684224514211,0.26039260736807357,0.0005207852147361471
REX3_CHRONOS33,2017-07,0.018278122237312955,0.017751244313004788,0.2587102250365657,0.0005174204500731314
REX3_CHRONOS33,2017-08,0.0014157032005868153,0.0004142874973864785,0.5000000000000001,0.0010000000000000002
REX3_CHRONOS33,2017-09,0.005348625127049145,0.004835459094424399,0.25521795116576984,0.0005104359023315397
REX3_CHRONOS33,2017-10,0.04626553065473615,0.04625525589818191,0.004910205035698126,9.820410071396252e-06
REX3_CHRONOS33,2017-11,0.024568392356645763,0.024038093846352693,0.2587911720920605,0.000517582344184121
REX3_CHRONOS33,2017-12,0.010179635980726687,0.010164647262712379,0.007418837937661835,1.483767587532367e-05
REX3_CHRONOS33,2018-01,0.06524938025673155,0.06471496585351666,0.2508400441812615,0.000501680088362523
REX3_CHRONOS33,2018-02,-0.04763791898892156,-0.048126120089023394,0.25631065633321337,0.0005126213126664267
REX3_CHRONOS33,2018-03,0.0017116409680102418,0.0006961118873318739,0.5068969148133426,0.0010137938296266853
REX3_CHRONOS33,2018-04,-0.003562554944042895,-0.004079639637309951,0.25946671104758645,0.0005189334220951729
REX3_CHRONOS33,2018-05,0.0029245194734568436,0.002401384098663195,0.26080495821770294,0.0005216099164354059
REX3_CHRONOS33,2018-06,-0.021484257776242965,-0.022003450451819506,0.2652960259979513,0.0005305920519959027
REX3_CHRONOS33,2018-07,0.016049997258491322,0.015510639988121966,0.26541866631806577,0.0005308373326361316
REX3_CHRONOS33,2018-08,0.033373873854732894,0.03336364591079044,0.0049488109779117495,9.8976219558235e-06
REX3_CHRONOS33,2018-09,-0.0014610190254643607,-0.001475926743039313,0.00746476495094342,1.4929529901886841e-05
REX3_CHRONOS33,2018-10,-0.10287952552056834,-0.10289387118940696,0.007995397077158448,1.5990794154316897e-05
REX3_CHRONOS33,2018-11,0.0167676789814859,0.01625929514199509,0.25,0.0005
REX3_CHRONOS33,2018-12,-0.09012543491935743,-0.09059136276256075,0.25603960209719995,0.0005120792041943999
REX3_CHRONOS33,2019-01,0.06444169416526258,0.06389945383377604,0.25470645055451535,0.0005094129011090307
REX3_CHRONOS33,2019-02,0.030408106253355438,0.02989290220022922,0.25,0.0005
REX3_CHRONOS33,2019-03,0.019805383820592493,0.019791898861667212,0.006611535465329152,1.3223070930658305e-05
REX3_CHRONOS33,2019-04,0.03189061088523215,0.031868876182118866,0.010531495724542275,2.106299144908455e-05
REX3_CHRONOS33,2019-05,-0.04012694464175748,-0.04060914287698081,0.2511781284679454,0.0005023562569358908
REX3_CHRONOS33,2019-06,0.05952395936997945,0.05893380258528058,0.27850091518905323,0.0005570018303781064
REX3_CHRONOS33,2019-07,0.016237908324957306,0.015702559276967287,0.26339749954442376,0.0005267949990888475
REX3_CHRONOS33,2019-08,-0.003492831778603045,-0.004001054055860598,0.25500181707898906,0.0005100036341579782
REX3_CHRONOS33,2019-09,0.008127635030596325,0.0075942420903494234,0.26454633407134776,0.0005290926681426956
REX3_CHRONOS33,2019-10,0.020466396335835357,0.020451826801407558,0.007138664477308446,1.4277328954616892e-05
REX3_CHRONOS33,2019-11,0.028466954657031307,0.02843936194434371,0.013414486757585345,2.682897351517069e-05
REX3_CHRONOS33,2019-12,0.026342166040315806,0.02582899495729607,0.24999999999999994,0.0004999999999999999
REX3_CHRONOS33,2020-01,0.0029410120668857953,0.00292539440901729,0.007785930419077755,1.557186083815551e-05
REX3_CHRONOS33,2020-02,-0.014306435774489312,-0.015297326268660205,0.5026361793025089,0.0010052723586050178
REX3_CHRONOS33,2020-03,-0.05324075235981962,-0.05372586898142795,0.25619851235539415,0.0005123970247107883
REX3_CHRONOS33,2020-04,0.1266556159561516,0.12592669699556724,0.32348791869560595,0.0006469758373912119
REX3_CHRONOS33,2020-05,0.057239379657336276,0.05671075996750741,0.25,0.0005
REX3_CHRONOS33,2020-06,0.03480020605945788,0.03478529790661988,0.007203396728489686,1.4406793456979372e-05
REX3_CHRONOS33,2020-07,0.049519762622771024,0.04949988667207483,0.009469069284896534,1.8938138569793068e-05
REX3_CHRONOS33,2020-08,0.059568991642851676,0.059544795957567453,0.011417701667068125,2.2835403334136252e-05
REX3_CHRONOS33,2020-09,-0.042307798271592034,-0.0427928606581196,0.25324545070554555,0.0005064909014110911
REX3_CHRONOS33,2020-10,-0.021579932461092022,-0.02207855203813236,0.25480853959550376,0.0005096170791910076
REX3_CHRONOS33,2020-11,0.08595659887389928,0.08540289305960269,0.2549392005494143,0.0005098784010988287
REX3_CHRONOS33,2020-12,0.054736431754770276,0.05420906353889343,0.2500000000000001,0.0005000000000000002
REX3_CHRONOS33,2021-01,0.01779054200015384,0.017266652728001652,0.2573659562223888,0.0005147319124447775
REX3_CHRONOS33,2021-02,0.01858512014348146,0.01805674679025393,0.25936632235136436,0.0005187326447027287
REX3_CHRONOS33,2021-03,0.02624325794620641,0.02571972180122506,0.2550740971635115,0.000510148194327023
REX3_CHRONOS33,2021-04,0.03631592953312213,0.035783961221578675,0.25666319332905996,0.00051332638665812
REX3_CHRONOS33,2021-05,0.02183859388445608,0.02081675529057181,0.5,0.001
REX3_CHRONOS33,2021-06,0.031224763240401465,0.03068099459783813,0.2636518545457368,0.0005273037090914736
REX3_CHRONOS33,2021-07,0.007449483346785302,0.0074331443252662055,0.008109102138328425,1.6218204276656852e-05
REX3_CHRONOS33,2021-08,0.019355108763625672,0.019330628634451452,0.012007655116338209,2.4015310232676418e-05
REX3_CHRONOS33,2021-09,-0.05417268513537121,-0.054645598792803174,0.24999999999999994,0.0004999999999999999
REX3_CHRONOS33,2021-10,0.05844331322491381,0.05791129352570623,0.2513217725316109,0.0005026435450632219
REX3_CHRONOS33,2021-11,-0.029645780773984387,-0.029653010905642763,0.0037255115272310374,7.4510230544620746e-06
REX3_CHRONOS33,2021-12,0.046387621618096064,0.04584486666907006,0.25934698471811723,0.0005186939694362345
REX3_CHRONOS33,2022-01,-0.03443979569752875,-0.03493691315085379,0.2574243693504931,0.0005148487387009863
REX3_CHRONOS33,2022-02,-0.011079425632018691,-0.011138323724126153,0.02977898004852078,5.955796009704156e-05
REX3_CHRONOS33,2022-03,0.04606186942970791,0.045497908909643,0.26956365419010253,0.0005391273083802051
REX3_CHRONOS33,2022-04,-0.03515613693264186,-0.035183899340164304,0.014386994924860438,2.8773989849720877e-05
REX3_CHRONOS33,2022-05,-0.007650643004851743,-0.00818703458228276,0.2702634781036506,0.0005405269562073012
REX3_CHRONOS33,2022-06,-0.07678989375456746,-0.07726968765521869,0.2598508711099085,0.000519701742219817
REX3_CHRONOS33,2022-07,0.07081892863493633,0.07027798968348042,0.25258189643036677,0.0005051637928607335
REX3_CHRONOS33,2022-08,-0.03551259694602005,-0.03599488503512893,0.25002301096994484,0.0005000460219398897
REX3_CHRONOS33,2022-09,-0.10828141942936431,-0.10873889084676269,0.2565110940637746,0.0005130221881275492
REX3_CHRONOS33,2022-10,0.06697974888854685,0.06696062824676763,0.00896017089307978,1.792034178615956e-05
REX3_CHRONOS33,2022-11,0.04351873380707105,0.042969115065920827,0.2633487657406254,0.0005266975314812507
REX3_CHRONOS33,2022-12,-0.05052331913404118,-0.05147279581490671,0.5,0.001
REX3_CHRONOS33,2023-01,0.0914884983024089,0.0903789834475377,0.5082576942390375,0.0010165153884780752
REX3_CHRONOS33,2023-02,-0.03665078507456321,-0.03714571586119775,0.2568802563841149,0.0005137605127682297
REX3_CHRONOS33,2023-03,0.01630621161806478,0.01628642009015513,0.009736990526697464,1.947398105339493e-05
REX3_CHRONOS33,2023-04,0.007246925038491447,0.00671251549183971,0.26528229243845824,0.0005305645848769165
REX3_CHRONOS33,2023-05,0.008797682886946712,0.008786311096752986,0.005636308641099444,1.1272617282198889e-05
REX3_CHRONOS33,2023-06,0.054345881274918684,0.05380554107876501,0.2562442770203986,0.0005124885540407971
REX3_CHRONOS33,2023-07,0.049382967981254744,0.049366442842053715,0.007873740905516291,1.5747481811032583e-05
REX3_CHRONOS33,2023-08,-0.03940908109655317,-0.03941704719104744,0.004146455237853522,8.292910475707044e-06
REX3_CHRONOS33,2023-09,-0.053326252705592325,-0.0533444154083369,0.00959290505118375,1.9185810102367502e-05
REX3_CHRONOS33,2023-10,-0.04483709180843487,-0.04485428574407602,0.009000525194928416,1.8001050389856834e-05
REX3_CHRONOS33,2023-11,0.10487311117306675,0.1037557462070624,0.5056530721513877,0.0010113061443027753
REX3_CHRONOS33,2023-12,0.07879039999227033,0.07824437929585693,0.2530707987471602,0.0005061415974943204
REX3_CHRONOS33,2024-01,-0.019178522069128956,-0.01969017762260128,0.26083011281078183,0.0005216602256215637
REX3_CHRONOS33,2024-02,0.04635156103310445,0.045816492242653606,0.25568308510122956,0.0005113661702024591
REX3_CHRONOS33,2024-03,0.026688670688727045,0.026175326353383044,0.24999999999999992,0.0004999999999999998
REX3_CHRONOS33,2024-04,-0.055478855910057745,-0.05595425724913705,0.2516626239942221,0.0005033252479884442
REX3_CHRONOS33,2024-05,0.04257862297148307,0.04205298281472891,0.2520865789748187,0.0005041731579496373
REX3_CHRONOS33,2024-06,0.019046505083735843,0.01853466351299482,0.25113749381767897,0.000502274987635358
REX3_CHRONOS33,2024-07,0.03823131105904709,0.03769632157461,0.2576446494814436,0.0005152892989628873
REX3_CHRONOS33,2024-08,0.009427379884581644,0.009384192513579137,0.021392014850955834,4.278402970191167e-05
REX3_CHRONOS33,2024-09,0.02083703293133743,0.020314708641872237,0.2558313778866212,0.0005116627557732424
REX3_CHRONOS33,2024-10,-0.01631251776460252,-0.01631857016011351,0.0030763812795282786,6.152762559056557e-06
REX3_CHRONOS33,2024-11,0.06667333279829069,0.06665511071981811,0.00854154590366632,1.708309180733264e-05
REX3_CHRONOS33,2024-12,-0.03078613742906866,-0.031277263199404715,0.25336295182201474,0.0005067259036440295
REX3_CHRONOS33,2025-01,0.035682798465778376,0.03516469439058678,0.25012681293876127,0.0005002536258775225
REX3_CHRONOS33,2025-02,-0.01612975890446111,-0.016632368947380627,0.25542496455606856,0.0005108499291121371
REX3_CHRONOS33,2025-03,-0.026977177272762276,-0.027004814124827026,0.014201543591400675,2.8403087182801352e-05
REX3_CHRONOS33,2025-04,0.008972586508933844,0.008926598403213859,0.0227895714585738,4.55791429171476e-05
REX3_CHRONOS33,2025-05,0.051016020559511155,0.050996446118460215,0.00931215160729909,1.862430321459818e-05
REX3_CHRONOS33,2025-06,0.043772877677492605,0.043760436334499,0.005959794155966702,1.1919588311933406e-05
REX3_CHRONOS33,2025-07,0.014454338267436029,0.014430556993687338,0.011721214475287428,2.3442428950574855e-05
REX3_CHRONOS33,2025-08,0.02013840844654413,0.019628339242320436,0.25,0.0005
REX3_CHRONOS33,2025-09,0.07879295889014726,0.07878106029578436,0.0055147719795005795,1.102954395900116e-05
REX3_CHRONOS33,2025-10,0.03958800943781804,0.03904012683546476,0.2635094851897031,0.0005270189703794061
REX3_CHRONOS33,2025-11,0.015005118410342577,0.014491390896794965,0.25306646450838666,0.0005061329290167733
REX3_CHRONOS33,2025-12,0.024996220227262222,0.024461928033881808,0.2606312993339839,0.0005212625986679677
REX3_CHRONOS33,2026-01,0.06443755977167887,0.06384976511238749,0.27610574894486783,0.0005522114978897357
REX3_CHRONOS33,2026-02,0.028847600479334767,0.0288260293097109,0.010483170497444988,2.0966340994889977e-05
REX3_CHRONOS33,2026-03,-0.09729860435536031,-0.09779929817058464,0.277330808194193,0.000554661616388386
REX3_CHRONOS33,2026-04,0.1419220953066591,0.1412981099907411,0.27321711283223993,0.0005464342256644799
REX3_CHRONOS33,2026-05,0.08303361604606652,0.08241348173635266,0.2862950422434578,0.0005725900844869156
REX3_CHRONOS33,2026-06,-0.031374736363549705,-0.031913977792727755,0.2783539978886269,0.0005567079957772539
REX3_CHRONOS33,2026-07,-0.08087946315754768,-0.08138990427599524,0.277679095388884,0.0005553581907777681
REX3_CHRONOS33,2026-08,0.009968545603482593,0.009968545603482593,0.0,0.0
REX3_CHRONOS50,2017-05,0.04384546525960564,0.04331284409302549,0.2551245295911354,0.0005102490591822708
REX3_CHRONOS50,2017-06,0.001729788702624635,0.0012138948160884677,0.25750152004770266,0.0005150030400954053
REX3_CHRONOS50,2017-07,0.03294268063556505,0.03240867548216331,0.25848731174151157,0.0005169746234830231
REX3_CHRONOS50,2017-08,-0.003383610406803572,-0.0038990202198713186,0.25857983997148837,0.0005171596799429767
REX3_CHRONOS50,2017-09,0.016019087980964297,0.015499633238289956,0.2556323738498065,0.000511264747699613
REX3_CHRONOS50,2017-10,0.04845212985494096,0.04790082796096384,0.26291228673176115,0.0005258245734635223
REX3_CHRONOS50,2017-11,0.014946871078720836,0.014429972296270632,0.2546432710811214,0.0005092865421622428
REX3_CHRONOS50,2017-12,0.01657389915637064,0.016554269562754742,0.009654779466725563,1.9309558933451125e-05
REX3_CHRONOS50,2018-01,0.068373036266411,0.06783506861084199,0.25176957734234806,0.0005035391546846962
REX3_CHRONOS50,2018-02,-0.04763791898892156,-0.048126120089023394,0.25631065633321337,0.0005126213126664267
REX3_CHRONOS50,2018-03,0.006774189230938754,0.0062548793610290865,0.25790781858759254,0.0005158156371751851
REX3_CHRONOS50,2018-04,-0.0026521292231368454,-0.0026743656908577718,0.011147799264831879,2.2295598529663758e-05
REX3_CHRONOS50,2018-05,0.0029245194734568436,0.002401384098663195,0.26080495821770294,0.0005216099164354059
REX3_CHRONOS50,2018-06,-0.021484257776242965,-0.022003450451819506,0.2652960259979513,0.0005305920519959027
REX3_CHRONOS50,2018-07,0.016049997258491322,0.015510639988121966,0.26541866631806577,0.0005308373326361316
REX3_CHRONOS50,2018-08,0.033373873854732894,0.03336364591079044,0.0049488109779117495,9.8976219558235e-06
REX3_CHRONOS50,2018-09,-0.0014610190254643607,-0.001475926743039313,0.00746476495094342,1.4929529901886841e-05
REX3_CHRONOS50,2018-10,-0.10287952552056834,-0.10289387118940696,0.007995397077158448,1.5990794154316897e-05
REX3_CHRONOS50,2018-11,0.024137683891814365,0.023625615049867932,0.25,0.0005
REX3_CHRONOS50,2018-12,-0.09353202012640138,-0.09354607274335969,0.007751303559774492,1.5502607119548982e-05
REX3_CHRONOS50,2019-01,0.06590701964085066,0.06536403285366266,0.25470645055451535,0.0005094129011090307
REX3_CHRONOS50,2019-02,0.030569713695261846,0.030054428838415026,0.24999999999999997,0.0004999999999999999
REX3_CHRONOS50,2019-03,0.019805383820592493,0.019791898861667212,0.006611535465329152,1.3223070930658305e-05
REX3_CHRONOS50,2019-04,0.03189061088523215,0.031868876182118866,0.010531495724542275,2.106299144908455e-05
REX3_CHRONOS50,2019-05,-0.055906581103682074,-0.05591722023659329,0.0056345763556752415,1.1269152711350482e-05
REX3_CHRONOS50,2019-06,0.04239042836130391,0.04184297246381674,0.26259637588359325,0.0005251927517671865
REX3_CHRONOS50,2019-07,0.014782269572919837,0.014737934044165568,0.021844847945816065,4.368969589163213e-05
REX3_CHRONOS50,2019-08,-0.003492831778603045,-0.004001054055860598,0.25500181707898906,0.0005100036341579782
REX3_CHRONOS50,2019-09,0.017397402919678617,0.017367804114666985,0.014546334071347741,2.9092668142695483e-05
REX3_CHRONOS50,2019-10,0.010794664876905058,0.010284237893061432,0.25248796891203723,0.0005049759378240744
REX3_CHRONOS50,2019-11,0.021046433645249385,0.020532585120576874,0.2516283822852075,0.000503256764570415
REX3_CHRONOS50,2019-12,0.011823758594094569,0.011300834398526582,0.2584067586503895,0.000516813517300779
REX3_CHRONOS50,2020-01,0.0055314173819298595,0.0050196923025545015,0.2544550426416835,0.0005089100852833671
REX3_CHRONOS50,2020-02,-0.014306435774489312,-0.015297326268660205,0.5026361793025089,0.0010052723586050178
REX3_CHRONOS50,2020-03,-0.03331395175191432,-0.03334739859445768,0.01729974411256216,3.459948822512432e-05
REX3_CHRONOS50,2020-04,0.13475316232496692,0.13405111240692125,0.3093403664136327,0.0006186807328272655
REX3_CHRONOS50,2020-05,0.0592374892345342,0.05870787048991688,0.25,0.0005
REX3_CHRONOS50,2020-06,0.0370802356576454,0.03655345598699,0.2539724760644045,0.0005079449521288089
REX3_CHRONOS50,2020-07,0.04654026468475769,0.04600401629761319,0.2562005520672038,0.0005124011041344077
REX3_CHRONOS50,2020-08,0.04894933982858207,0.04840091197741625,0.2614177016670681,0.0005228354033341363
REX3_CHRONOS50,2020-09,-0.028321975523648013,-0.028832561701505277,0.26273424169103027,0.0005254684833820606
REX3_CHRONOS50,2020-10,-0.022971219042665747,-0.023488396226750474,0.26466834660593314,0.0005293366932118663
REX3_CHRONOS50,2020-11,0.08595659887389928,0.08540289305960269,0.2549392005494143,0.0005098784010988287
REX3_CHRONOS50,2020-12,0.060961504250522935,0.06043102349839824,0.2500000000000001,0.0005000000000000002
REX3_CHRONOS50,2021-01,0.011318030530584888,0.010791248109069063,0.2604435032365826,0.0005208870064731653
REX3_CHRONOS50,2021-02,0.021875534333900104,0.021855449585411524,0.009827394733252934,1.965478946650587e-05
REX3_CHRONOS50,2021-03,0.02624325794620641,0.02571972180122506,0.2550740971635115,0.000510148194327023
REX3_CHRONOS50,2021-04,0.03631592953312213,0.035783961221578675,0.25666319332905996,0.00051332638665812
REX3_CHRONOS50,2021-05,0.005551045075861349,0.005042594778195797,0.25282172404658176,0.0005056434480931636
REX3_CHRONOS50,2021-06,0.028275005590286062,0.027748253769955378,0.25613372758609737,0.0005122674551721947
REX3_CHRONOS50,2021-07,0.004565857394971173,0.004058505880595087,0.2525227742120529,0.0005050455484241058
REX3_CHRONOS50,2021-08,0.019355108763625672,0.019330628634451452,0.012007655116338209,2.4015310232676418e-05
REX3_CHRONOS50,2021-09,-0.019844336560132625,-0.019861245495936042,0.00862563796436644,1.725127592873288e-05
REX3_CHRONOS50,2021-10,0.06245506181008498,0.062411928495863966,0.020298888758373324,4.059777751674665e-05
REX3_CHRONOS50,2021-11,-0.029645780773984387,-0.029653010905642763,0.0037255115272310374,7.4510230544620746e-06
REX3_CHRONOS50,2021-12,0.046387621618096064,0.04584486666907006,0.25934698471811723,0.0005186939694362345
REX3_CHRONOS50,2022-01,-0.03443979569752875,-0.03493691315085379,0.2574243693504931,0.0005148487387009863
REX3_CHRONOS50,2022-02,-0.011079425632018691,-0.011138323724126153,0.02977898004852078,5.955796009704156e-05
REX3_CHRONOS50,2022-03,0.04606186942970791,0.045497908909643,0.26956365419010253,0.0005391273083802051
REX3_CHRONOS50,2022-04,-0.03515613693264186,-0.035183899340164304,0.014386994924860438,2.8773989849720877e-05
REX3_CHRONOS50,2022-05,-0.007650643004851743,-0.00818703458228276,0.2702634781036506,0.0005405269562073012
REX3_CHRONOS50,2022-06,-0.061704253313956126,-0.06217719916179698,0.25202386854645376,0.0005040477370929075
REX3_CHRONOS50,2022-07,0.06870902455316696,0.06816790669102835,0.2531642616025992,0.0005063285232051984
REX3_CHRONOS50,2022-08,-0.03551259694602005,-0.03599488503512893,0.25002301096994484,0.0005000460219398897
REX3_CHRONOS50,2022-09,-0.08088947884644349,-0.0818144793323784,0.5032041656829421,0.0010064083313658843
REX3_CHRONOS50,2022-10,0.06859068730765183,0.06802402978953115,0.265142455783685,0.00053028491156737
REX3_CHRONOS50,2022-11,0.04351873380707105,0.042969115065920827,0.2633487657406254,0.0005266975314812507
REX3_CHRONOS50,2022-12,-0.04399346108267754,-0.04497268902382667,0.5121450017791604,0.001024290003558321
REX3_CHRONOS50,2023-01,0.08455578566501876,0.08345280411464318,0.5084946136262194,0.001016989227252439
REX3_CHRONOS50,2023-02,-0.02748503655589074,-0.028005379327673663,0.26752430108637726,0.0005350486021727546
REX3_CHRONOS50,2023-03,0.02469446703361311,0.024684362532858328,0.004930494444905925,9.86098888981185e-06
REX3_CHRONOS50,2023-04,0.010613732869490189,0.010070623586172944,0.26870270294801984,0.0005374054058960397
REX3_CHRONOS50,2023-05,0.008797682886946712,0.008786311096752986,0.005636308641099444,1.1272617282198889e-05
REX3_CHRONOS50,2023-06,0.044305053754801316,0.043756389633593296,0.26269341474292196,0.0005253868294858439
REX3_CHRONOS50,2023-07,0.044909077523060725,0.04438150259120577,0.25245016203030257,0.0005049003240606051
REX3_CHRONOS50,2023-08,-0.04235816616160948,-0.042839002478714416,0.2510522724230055,0.0005021045448460109
REX3_CHRONOS50,2023-09,-0.04537742914731868,-0.04585669254299274,0.2510224513368977,0.0005020449026737954
REX3_CHRONOS50,2023-10,-0.03850871580111237,-0.039003393948708553,0.25724525834273954,0.0005144905166854791
REX3_CHRONOS50,2023-11,0.09044121552510442,0.08988113431249767,0.25681403299547645,0.000513628065990953
REX3_CHRONOS50,2023-12,0.05124770464640793,0.049670833089438204,0.75,0.0015
REX3_CHRONOS50,2024-01,0.003627357522154595,0.0026231682633626185,0.5002799352098772,0.0010005598704197545
REX3_CHRONOS50,2024-02,0.04776213259162376,0.04773985326923258,0.010631860847949273,2.1263721695898548e-05
REX3_CHRONOS50,2024-03,0.02856012352912063,0.028551655775691076,0.004116314270881827,8.232628541763653e-06
REX3_CHRONOS50,2024-04,-0.052525599327799655,-0.053005838867929755,0.25343140658428487,0.0005068628131685698
REX3_CHRONOS50,2024-05,0.04257862297148307,0.04205298281472891,0.2520865789748187,0.0005041731579496373
REX3_CHRONOS50,2024-06,0.019046505083735843,0.01853466351299482,0.25113749381767897,0.000502274987635358
REX3_CHRONOS50,2024-07,0.01607322508222686,0.015546995398876717,0.2589526376448953,0.0005179052752897906
REX3_CHRONOS50,2024-08,0.017578398912889037,0.017045475813403543,0.2618584966303351,0.0005237169932606702
REX3_CHRONOS50,2024-09,0.03275357446465055,0.03274318750819494,0.0050287680975120985,1.0057536195024198e-05
REX3_CHRONOS50,2024-10,-0.0021412643750630123,-0.0021533377288248667,0.006049630739543857,1.2099261479087715e-05
REX3_CHRONOS50,2024-11,0.031129848766263235,0.03110938458376955,0.009923184028880358,1.9846368057760718e-05
REX3_CHRONOS50,2024-12,-0.032677177520283096,-0.03319142874170633,0.26581158299613294,0.0005316231659922659
REX3_CHRONOS50,2025-01,0.035682798465778376,0.03516469439058678,0.25012681293876127,0.0005002536258775225
REX3_CHRONOS50,2025-02,-0.01612975890446111,-0.016632368947380627,0.25542496455606856,0.0005108499291121371
REX3_CHRONOS50,2025-03,-0.024033490095150656,-0.024528670486854698,0.2536871842827906,0.0005073743685655812
REX3_CHRONOS50,2025-04,0.00866680808637943,0.00862253628156573,0.021945703208977096,4.389140641795419e-05
REX3_CHRONOS50,2025-05,0.05026967923303949,0.04973866103489755,0.2528008799273671,0.0005056017598547342
REX3_CHRONOS50,2025-06,0.03205718432041671,0.03153466571412866,0.2531442124658468,0.0005062884249316936
REX3_CHRONOS50,2025-07,0.010443898882196434,0.010421146163960948,0.011258773624225366,2.2517547248450733e-05
REX3_CHRONOS50,2025-08,0.024714870629841013,0.02420251319452671,0.24999999999999997,0.0004999999999999999
REX3_CHRONOS50,2025-09,0.07879295889014726,0.07878106029578436,0.0055147719795005795,1.102954395900116e-05
REX3_CHRONOS50,2025-10,0.07916321417773231,0.07913405629881387,0.01350948518970313,2.7018970379406262e-05
REX3_CHRONOS50,2025-11,-0.004079127721697606,-0.004146434237200514,0.03379109594759799,6.758219189519599e-05
REX3_CHRONOS50,2025-12,0.027571039534084685,0.027524795063626817,0.022501836212860615,4.5003672425721233e-05
REX3_CHRONOS50,2026-01,0.10164981944239249,0.10159230065517044,0.026105748944867835,5.221149788973567e-05
REX3_CHRONOS50,2026-02,0.024875079852296755,0.024310437010467867,0.27546910493239096,0.000550938209864782
REX3_CHRONOS50,2026-03,-0.09729860435536031,-0.09779929817058464,0.277330808194193,0.000554661616388386
REX3_CHRONOS50,2026-04,0.1419220953066591,0.1412981099907411,0.27321711283223993,0.0005464342256644799
REX3_CHRONOS50,2026-05,0.08303361604606652,0.08241348173635266,0.2862950422434578,0.0005725900844869156
REX3_CHRONOS50,2026-06,-0.01734431612400822,-0.017891368400317798,0.2783539978886269,0.0005567079957772539
REX3_CHRONOS50,2026-07,-0.08120288488915017,-0.08172523765637008,0.2842590375116522,0.0005685180750233045
REX3_CHRONOS50,2026-08,0.009968545603482593,0.009968545603482593,0.0,0.0
